{
"type": "FeatureCollection",
"name": "Overview",
"crs": { "type": "name", "properties": { "name": "urn:ogc:def:crs:OGC:1.3:CRS84" } },
"xy_coordinate_resolution": 0.1,
"features": [
{ "type": "Feature", "properties": { "fid": 1, "S-57": "CA21716A", "lat_min": 36, "lat_max": 40, "lon_min": -144, "lon_max": -140, "S-101": "101CA00O360N1440W", "Region": "Pacific Ocean / Océan Pacifique [Overview 44N/88W]" }, "geometry": { "type": "Polygon", "coordinates": [ [ [ -144.0, 36.0 ], [ -140.0, 36.0 ], [ -140.0, 40.0 ], [ -144.0, 40.0 ], [ -144.0, 36.0 ] ] ] } },
{ "type": "Feature", "properties": { "fid": 2, "S-57": "CA21717A", "lat_min": 36, "lat_max": 40, "lon_min": -140, "lon_max": -136, "S-101": "101CA00O360N1400W", "Region": "Pacific Ocean / Océan Pacifique [Overview 44N/88W]" }, "geometry": { "type": "Polygon", "coordinates": [ [ [ -140.0, 36.0 ], [ -136.0, 36.0 ], [ -136.0, 40.0 ], [ -140.0, 40.0 ], [ -140.0, 36.0 ] ] ] } },
{ "type": "Feature", "properties": { "fid": 3, "S-57": "CA2172EA", "lat_min": 36, "lat_max": 40, "lon_min": -136, "lon_max": -132, "S-101": "101CA00O360N1360W", "Region": "Pacific Ocean / Océan Pacifique [Overview 44N/88W]" }, "geometry": { "type": "Polygon", "coordinates": [ [ [ -136.0, 36.0 ], [ -132.0, 36.0 ], [ -132.0, 40.0 ], [ -136.0, 40.0 ], [ -136.0, 36.0 ] ] ] } },
{ "type": "Feature", "properties": { "fid": 4, "S-57": "CA2173MA", "lat_min": 36, "lat_max": 40, "lon_min": -132, "lon_max": -128, "S-101": "101CA00O360N1320W", "Region": "Pacific Ocean / Océan Pacifique [Overview 44N/88W]" }, "geometry": { "type": "Polygon", "coordinates": [ [ [ -132.0, 36.0 ], [ -128.0, 36.0 ], [ -128.0, 40.0 ], [ -132.0, 40.0 ], [ -132.0, 36.0 ] ] ] } },
{ "type": "Feature", "properties": { "fid": 5, "S-57": "CA2174UA", "lat_min": 36, "lat_max": 40, "lon_min": -128, "lon_max": -124, "S-101": "101CA00O360N1280W", "Region": "Pacific Ocean / Océan Pacifique [Overview 44N/88W]" }, "geometry": { "type": "Polygon", "coordinates": [ [ [ -128.0, 36.0 ], [ -124.0, 36.0 ], [ -124.0, 40.0 ], [ -128.0, 40.0 ], [ -128.0, 36.0 ] ] ] } },
{ "type": "Feature", "properties": { "fid": 6, "S-57": "CA21762A", "lat_min": 36, "lat_max": 40, "lon_min": -124, "lon_max": -120, "S-101": "101CA00O360N1240W", "Region": "Pacific Ocean / Océan Pacifique [Overview 44N/88W]" }, "geometry": { "type": "Polygon", "coordinates": [ [ [ -124.0, 36.0 ], [ -120.0, 36.0 ], [ -120.0, 40.0 ], [ -124.0, 40.0 ], [ -124.0, 36.0 ] ] ] } },
{ "type": "Feature", "properties": { "fid": 7, "S-57": "CA21779A", "lat_min": 36, "lat_max": 40, "lon_min": -120, "lon_max": -116, "S-101": "101CA00O360N1200W", "Region": "Continental Interior / Intérieur des terres [Overview 44N/88W]" }, "geometry": { "type": "Polygon", "coordinates": [ [ [ -120.0, 36.0 ], [ -116.0, 36.0 ], [ -116.0, 40.0 ], [ -120.0, 40.0 ], [ -120.0, 36.0 ] ] ] } },
{ "type": "Feature", "properties": { "fid": 8, "S-57": "CA2178GA", "lat_min": 36, "lat_max": 40, "lon_min": -116, "lon_max": -112, "S-101": "101CA00O360N1160W", "Region": "Continental Interior / Intérieur des terres [Overview 44N/88W]" }, "geometry": { "type": "Polygon", "coordinates": [ [ [ -116.0, 36.0 ], [ -112.0, 36.0 ], [ -112.0, 40.0 ], [ -116.0, 40.0 ], [ -116.0, 36.0 ] ] ] } },
{ "type": "Feature", "properties": { "fid": 9, "S-57": "CA2179PA", "lat_min": 36, "lat_max": 40, "lon_min": -112, "lon_max": -108, "S-101": "101CA00O360N1120W", "Region": "Continental Interior / Intérieur des terres [Overview 44N/88W]" }, "geometry": { "type": "Polygon", "coordinates": [ [ [ -112.0, 36.0 ], [ -108.0, 36.0 ], [ -108.0, 40.0 ], [ -112.0, 40.0 ], [ -112.0, 36.0 ] ] ] } },
{ "type": "Feature", "properties": { "fid": 10, "S-57": "CA217AWA", "lat_min": 36, "lat_max": 40, "lon_min": -108, "lon_max": -104, "S-101": "101CA00O360N1080W", "Region": "Continental Interior / Intérieur des terres [Overview 44N/88W]" }, "geometry": { "type": "Polygon", "coordinates": [ [ [ -108.0, 36.0 ], [ -104.0, 36.0 ], [ -104.0, 40.0 ], [ -108.0, 40.0 ], [ -108.0, 36.0 ] ] ] } },
{ "type": "Feature", "properties": { "fid": 11, "S-57": "CA217C4A", "lat_min": 36, "lat_max": 40, "lon_min": -104, "lon_max": -100, "S-101": "101CA00O360N1040W", "Region": "Continental Interior / Intérieur des terres [Overview 44N/88W]" }, "geometry": { "type": "Polygon", "coordinates": [ [ [ -104.0, 36.0 ], [ -100.0, 36.0 ], [ -100.0, 40.0 ], [ -104.0, 40.0 ], [ -104.0, 36.0 ] ] ] } },
{ "type": "Feature", "properties": { "fid": 12, "S-57": "CA217DBA", "lat_min": 36, "lat_max": 40, "lon_min": -100, "lon_max": -96, "S-101": "101CA00O360N1000W", "Region": "Continental Interior / Intérieur des terres [Overview 44N/88W]" }, "geometry": { "type": "Polygon", "coordinates": [ [ [ -100.0, 36.0 ], [ -96.0, 36.0 ], [ -96.0, 40.0 ], [ -100.0, 40.0 ], [ -100.0, 36.0 ] ] ] } },
{ "type": "Feature", "properties": { "fid": 13, "S-57": "CA217EJA", "lat_min": 36, "lat_max": 40, "lon_min": -96, "lon_max": -92, "S-101": "101CA00O360N0960W", "Region": "Continental Interior / Intérieur des terres [Overview 44N/88W]" }, "geometry": { "type": "Polygon", "coordinates": [ [ [ -96.0, 36.0 ], [ -92.0, 36.0 ], [ -92.0, 40.0 ], [ -96.0, 40.0 ], [ -96.0, 36.0 ] ] ] } },
{ "type": "Feature", "properties": { "fid": 14, "S-57": "CA217FRA", "lat_min": 36, "lat_max": 40, "lon_min": -92, "lon_max": -88, "S-101": "101CA00O360N0920W", "Region": "Continental Interior / Intérieur des terres [Overview 44N/88W]" }, "geometry": { "type": "Polygon", "coordinates": [ [ [ -92.0, 36.0 ], [ -88.0, 36.0 ], [ -88.0, 40.0 ], [ -92.0, 40.0 ], [ -92.0, 36.0 ] ] ] } },
{ "type": "Feature", "properties": { "fid": 15, "S-57": "CA217GYA", "lat_min": 36, "lat_max": 40, "lon_min": -88, "lon_max": -84, "S-101": "101CA00O360N0880W", "Region": "Continental Interior / Intérieur des terres [Overview 44N/88W]" }, "geometry": { "type": "Polygon", "coordinates": [ [ [ -88.0, 36.0 ], [ -84.0, 36.0 ], [ -84.0, 40.0 ], [ -88.0, 40.0 ], [ -88.0, 36.0 ] ] ] } },
{ "type": "Feature", "properties": { "fid": 16, "S-57": "CA217J6A", "lat_min": 36, "lat_max": 40, "lon_min": -84, "lon_max": -80, "S-101": "101CA00O360N0840W", "Region": "Continental Interior / Intérieur des terres [Overview 44N/88W]" }, "geometry": { "type": "Polygon", "coordinates": [ [ [ -84.0, 36.0 ], [ -80.0, 36.0 ], [ -80.0, 40.0 ], [ -84.0, 40.0 ], [ -84.0, 36.0 ] ] ] } },
{ "type": "Feature", "properties": { "fid": 17, "S-57": "CA217KDA", "lat_min": 36, "lat_max": 40, "lon_min": -80, "lon_max": -76, "S-101": "101CA00O360N0800W", "Region": "North Atlantic Ocean / Océan Atlantique Nord [Overview 44N/88W]" }, "geometry": { "type": "Polygon", "coordinates": [ [ [ -80.0, 36.0 ], [ -76.0, 36.0 ], [ -76.0, 40.0 ], [ -80.0, 40.0 ], [ -80.0, 36.0 ] ] ] } },
{ "type": "Feature", "properties": { "fid": 18, "S-57": "CA217LLA", "lat_min": 36, "lat_max": 40, "lon_min": -76, "lon_max": -72, "S-101": "101CA00O360N0760W", "Region": "North Atlantic Ocean / Océan Atlantique Nord [Overview 44N/88W]" }, "geometry": { "type": "Polygon", "coordinates": [ [ [ -76.0, 36.0 ], [ -72.0, 36.0 ], [ -72.0, 40.0 ], [ -76.0, 40.0 ], [ -76.0, 36.0 ] ] ] } },
{ "type": "Feature", "properties": { "fid": 19, "S-57": "CA217MTA", "lat_min": 36, "lat_max": 40, "lon_min": -72, "lon_max": -68, "S-101": "101CA00O360N0720W", "Region": "North Atlantic Ocean / Océan Atlantique Nord [Overview 44N/88W]" }, "geometry": { "type": "Polygon", "coordinates": [ [ [ -72.0, 36.0 ], [ -68.0, 36.0 ], [ -68.0, 40.0 ], [ -72.0, 40.0 ], [ -72.0, 36.0 ] ] ] } },
{ "type": "Feature", "properties": { "fid": 20, "S-57": "CA217P1A", "lat_min": 36, "lat_max": 40, "lon_min": -68, "lon_max": -64, "S-101": "101CA00O360N0680W", "Region": "North Atlantic Ocean / Océan Atlantique Nord [Overview 44N/88W]" }, "geometry": { "type": "Polygon", "coordinates": [ [ [ -68.0, 36.0 ], [ -64.0, 36.0 ], [ -64.0, 40.0 ], [ -68.0, 40.0 ], [ -68.0, 36.0 ] ] ] } },
{ "type": "Feature", "properties": { "fid": 21, "S-57": "CA217Q8A", "lat_min": 36, "lat_max": 40, "lon_min": -64, "lon_max": -60, "S-101": "101CA00O360N0640W", "Region": "North Atlantic Ocean / Océan Atlantique Nord [Overview 44N/88W]" }, "geometry": { "type": "Polygon", "coordinates": [ [ [ -64.0, 36.0 ], [ -60.0, 36.0 ], [ -60.0, 40.0 ], [ -64.0, 40.0 ], [ -64.0, 36.0 ] ] ] } },
{ "type": "Feature", "properties": { "fid": 22, "S-57": "CA217RFA", "lat_min": 36, "lat_max": 40, "lon_min": -60, "lon_max": -56, "S-101": "101CA00O360N0600W", "Region": "North Atlantic Ocean / Océan Atlantique Nord [Overview 44N/88W]" }, "geometry": { "type": "Polygon", "coordinates": [ [ [ -60.0, 36.0 ], [ -56.0, 36.0 ], [ -56.0, 40.0 ], [ -60.0, 40.0 ], [ -60.0, 36.0 ] ] ] } },
{ "type": "Feature", "properties": { "fid": 23, "S-57": "CA217SNA", "lat_min": 36, "lat_max": 40, "lon_min": -56, "lon_max": -52, "S-101": "101CA00O360N0560W", "Region": "North Atlantic Ocean / Océan Atlantique Nord [Overview 44N/88W]" }, "geometry": { "type": "Polygon", "coordinates": [ [ [ -56.0, 36.0 ], [ -52.0, 36.0 ], [ -52.0, 40.0 ], [ -56.0, 40.0 ], [ -56.0, 36.0 ] ] ] } },
{ "type": "Feature", "properties": { "fid": 24, "S-57": "CA217TVA", "lat_min": 36, "lat_max": 40, "lon_min": -52, "lon_max": -48, "S-101": "101CA00O360N0520W", "Region": "North Atlantic Ocean / Océan Atlantique Nord [Overview 44N/88W]" }, "geometry": { "type": "Polygon", "coordinates": [ [ [ -52.0, 36.0 ], [ -48.0, 36.0 ], [ -48.0, 40.0 ], [ -52.0, 40.0 ], [ -52.0, 36.0 ] ] ] } },
{ "type": "Feature", "properties": { "fid": 25, "S-57": "CA217V3A", "lat_min": 36, "lat_max": 40, "lon_min": -48, "lon_max": -44, "S-101": "101CA00O360N0480W", "Region": "North Atlantic Ocean / Océan Atlantique Nord [Overview 44N/88W]" }, "geometry": { "type": "Polygon", "coordinates": [ [ [ -48.0, 36.0 ], [ -44.0, 36.0 ], [ -44.0, 40.0 ], [ -48.0, 40.0 ], [ -48.0, 36.0 ] ] ] } },
{ "type": "Feature", "properties": { "fid": 26, "S-57": "CA217WAA", "lat_min": 36, "lat_max": 40, "lon_min": -44, "lon_max": -40, "S-101": "101CA00O360N0440W", "Region": "North Atlantic Ocean / Océan Atlantique Nord [Overview 44N/88W]" }, "geometry": { "type": "Polygon", "coordinates": [ [ [ -44.0, 36.0 ], [ -40.0, 36.0 ], [ -40.0, 40.0 ], [ -44.0, 40.0 ], [ -44.0, 36.0 ] ] ] } },
{ "type": "Feature", "properties": { "fid": 27, "S-57": "CA217XHA", "lat_min": 36, "lat_max": 40, "lon_min": -40, "lon_max": -36, "S-101": "101CA00O360N0400W", "Region": "North Atlantic Ocean / Océan Atlantique Nord [Overview 44N/88W]" }, "geometry": { "type": "Polygon", "coordinates": [ [ [ -40.0, 36.0 ], [ -36.0, 36.0 ], [ -36.0, 40.0 ], [ -40.0, 40.0 ], [ -40.0, 36.0 ] ] ] } },
{ "type": "Feature", "properties": { "fid": 28, "S-57": "CA217XJA", "lat_min": 36, "lat_max": 40, "lon_min": -36, "lon_max": -32, "S-101": "101CA00O360N0360W", "Region": "North Atlantic Ocean / Océan Atlantique Nord [Overview 44N/88W]" }, "geometry": { "type": "Polygon", "coordinates": [ [ [ -36.0, 36.0 ], [ -32.0, 36.0 ], [ -32.0, 40.0 ], [ -36.0, 40.0 ], [ -36.0, 36.0 ] ] ] } },
{ "type": "Feature", "properties": { "fid": 29, "S-57": "CA22E16A", "lat_min": 40, "lat_max": 44, "lon_min": -144, "lon_max": -140, "S-101": "101CA00O400N1440W", "Region": "Pacific Ocean / Océan Pacifique [Overview 44N/88W]" }, "geometry": { "type": "Polygon", "coordinates": [ [ [ -144.0, 40.0 ], [ -140.0, 40.0 ], [ -140.0, 44.0 ], [ -144.0, 44.0 ], [ -144.0, 40.0 ] ] ] } },
{ "type": "Feature", "properties": { "fid": 30, "S-57": "CA22E17A", "lat_min": 40, "lat_max": 44, "lon_min": -140, "lon_max": -136, "S-101": "101CA00O400N1400W", "Region": "Pacific Ocean / Océan Pacifique [Overview 44N/88W]" }, "geometry": { "type": "Polygon", "coordinates": [ [ [ -140.0, 40.0 ], [ -136.0, 40.0 ], [ -136.0, 44.0 ], [ -140.0, 44.0 ], [ -140.0, 40.0 ] ] ] } },
{ "type": "Feature", "properties": { "fid": 31, "S-57": "CA22E2EA", "lat_min": 40, "lat_max": 44, "lon_min": -136, "lon_max": -132, "S-101": "101CA00O400N1360W", "Region": "Pacific Ocean / Océan Pacifique [Overview 44N/88W]" }, "geometry": { "type": "Polygon", "coordinates": [ [ [ -136.0, 40.0 ], [ -132.0, 40.0 ], [ -132.0, 44.0 ], [ -136.0, 44.0 ], [ -136.0, 40.0 ] ] ] } },
{ "type": "Feature", "properties": { "fid": 32, "S-57": "CA22E3MA", "lat_min": 40, "lat_max": 44, "lon_min": -132, "lon_max": -128, "S-101": "101CA00O400N1320W", "Region": "Pacific Ocean / Océan Pacifique [Overview 44N/88W]" }, "geometry": { "type": "Polygon", "coordinates": [ [ [ -132.0, 40.0 ], [ -128.0, 40.0 ], [ -128.0, 44.0 ], [ -132.0, 44.0 ], [ -132.0, 40.0 ] ] ] } },
{ "type": "Feature", "properties": { "fid": 33, "S-57": "CA22E4UA", "lat_min": 40, "lat_max": 44, "lon_min": -128, "lon_max": -124, "S-101": "101CA00O400N1280W", "Region": "Pacific Ocean / Océan Pacifique [Overview 44N/88W]" }, "geometry": { "type": "Polygon", "coordinates": [ [ [ -128.0, 40.0 ], [ -124.0, 40.0 ], [ -124.0, 44.0 ], [ -128.0, 44.0 ], [ -128.0, 40.0 ] ] ] } },
{ "type": "Feature", "properties": { "fid": 34, "S-57": "CA22E62A", "lat_min": 40, "lat_max": 44, "lon_min": -124, "lon_max": -120, "S-101": "101CA00O400N1240W", "Region": "Pacific Ocean / Océan Pacifique [Overview 44N/88W]" }, "geometry": { "type": "Polygon", "coordinates": [ [ [ -124.0, 40.0 ], [ -120.0, 40.0 ], [ -120.0, 44.0 ], [ -124.0, 44.0 ], [ -124.0, 40.0 ] ] ] } },
{ "type": "Feature", "properties": { "fid": 35, "S-57": "CA22E79A", "lat_min": 40, "lat_max": 44, "lon_min": -120, "lon_max": -116, "S-101": "101CA00O400N1200W", "Region": "Continental Interior / Intérieur des terres [Overview 44N/88W]" }, "geometry": { "type": "Polygon", "coordinates": [ [ [ -120.0, 40.0 ], [ -116.0, 40.0 ], [ -116.0, 44.0 ], [ -120.0, 44.0 ], [ -120.0, 40.0 ] ] ] } },
{ "type": "Feature", "properties": { "fid": 36, "S-57": "CA22E8GA", "lat_min": 40, "lat_max": 44, "lon_min": -116, "lon_max": -112, "S-101": "101CA00O400N1160W", "Region": "Continental Interior / Intérieur des terres [Overview 44N/88W]" }, "geometry": { "type": "Polygon", "coordinates": [ [ [ -116.0, 40.0 ], [ -112.0, 40.0 ], [ -112.0, 44.0 ], [ -116.0, 44.0 ], [ -116.0, 40.0 ] ] ] } },
{ "type": "Feature", "properties": { "fid": 37, "S-57": "CA22E9PA", "lat_min": 40, "lat_max": 44, "lon_min": -112, "lon_max": -108, "S-101": "101CA00O400N1120W", "Region": "Continental Interior / Intérieur des terres [Overview 44N/88W]" }, "geometry": { "type": "Polygon", "coordinates": [ [ [ -112.0, 40.0 ], [ -108.0, 40.0 ], [ -108.0, 44.0 ], [ -112.0, 44.0 ], [ -112.0, 40.0 ] ] ] } },
{ "type": "Feature", "properties": { "fid": 38, "S-57": "CA22EAWA", "lat_min": 40, "lat_max": 44, "lon_min": -108, "lon_max": -104, "S-101": "101CA00O400N1080W", "Region": "Continental Interior / Intérieur des terres [Overview 44N/88W]" }, "geometry": { "type": "Polygon", "coordinates": [ [ [ -108.0, 40.0 ], [ -104.0, 40.0 ], [ -104.0, 44.0 ], [ -108.0, 44.0 ], [ -108.0, 40.0 ] ] ] } },
{ "type": "Feature", "properties": { "fid": 39, "S-57": "CA22EC4A", "lat_min": 40, "lat_max": 44, "lon_min": -104, "lon_max": -100, "S-101": "101CA00O400N1040W", "Region": "Continental Interior / Intérieur des terres [Overview 44N/88W]" }, "geometry": { "type": "Polygon", "coordinates": [ [ [ -104.0, 40.0 ], [ -100.0, 40.0 ], [ -100.0, 44.0 ], [ -104.0, 44.0 ], [ -104.0, 40.0 ] ] ] } },
{ "type": "Feature", "properties": { "fid": 40, "S-57": "CA22EDBA", "lat_min": 40, "lat_max": 44, "lon_min": -100, "lon_max": -96, "S-101": "101CA00O400N1000W", "Region": "Continental Interior / Intérieur des terres [Overview 44N/88W]" }, "geometry": { "type": "Polygon", "coordinates": [ [ [ -100.0, 40.0 ], [ -96.0, 40.0 ], [ -96.0, 44.0 ], [ -100.0, 44.0 ], [ -100.0, 40.0 ] ] ] } },
{ "type": "Feature", "properties": { "fid": 41, "S-57": "CA22EEJA", "lat_min": 40, "lat_max": 44, "lon_min": -96, "lon_max": -92, "S-101": "101CA00O400N0960W", "Region": "Continental Interior / Intérieur des terres [Overview 44N/88W]" }, "geometry": { "type": "Polygon", "coordinates": [ [ [ -96.0, 40.0 ], [ -92.0, 40.0 ], [ -92.0, 44.0 ], [ -96.0, 44.0 ], [ -96.0, 40.0 ] ] ] } },
{ "type": "Feature", "properties": { "fid": 42, "S-57": "CA22EFRA", "lat_min": 40, "lat_max": 44, "lon_min": -92, "lon_max": -88, "S-101": "101CA00O400N0920W", "Region": "Great Lakes / Grands Lacs [Overview 44N/88W]" }, "geometry": { "type": "Polygon", "coordinates": [ [ [ -92.0, 40.0 ], [ -88.0, 40.0 ], [ -88.0, 44.0 ], [ -92.0, 44.0 ], [ -92.0, 40.0 ] ] ] } },
{ "type": "Feature", "properties": { "fid": 43, "S-57": "CA22EGYA", "lat_min": 40, "lat_max": 44, "lon_min": -88, "lon_max": -84, "S-101": "101CA00O400N0880W", "Region": "Great Lakes / Grands Lacs [Overview 44N/88W]" }, "geometry": { "type": "Polygon", "coordinates": [ [ [ -88.0, 40.0 ], [ -84.0, 40.0 ], [ -84.0, 44.0 ], [ -88.0, 44.0 ], [ -88.0, 40.0 ] ] ] } },
{ "type": "Feature", "properties": { "fid": 44, "S-57": "CA22EJ6A", "lat_min": 40, "lat_max": 44, "lon_min": -84, "lon_max": -80, "S-101": "101CA00O400N0840W", "Region": "Great Lakes / Grands Lacs [Overview 44N/88W]" }, "geometry": { "type": "Polygon", "coordinates": [ [ [ -84.0, 40.0 ], [ -80.0, 40.0 ], [ -80.0, 44.0 ], [ -84.0, 44.0 ], [ -84.0, 40.0 ] ] ] } },
{ "type": "Feature", "properties": { "fid": 45, "S-57": "CA22EKDA", "lat_min": 40, "lat_max": 44, "lon_min": -80, "lon_max": -76, "S-101": "101CA00O400N0800W", "Region": "Great Lakes / Grands Lacs [Overview 44N/88W]" }, "geometry": { "type": "Polygon", "coordinates": [ [ [ -80.0, 40.0 ], [ -76.0, 40.0 ], [ -76.0, 44.0 ], [ -80.0, 44.0 ], [ -80.0, 40.0 ] ] ] } },
{ "type": "Feature", "properties": { "fid": 46, "S-57": "CA22ELLA", "lat_min": 40, "lat_max": 44, "lon_min": -76, "lon_max": -72, "S-101": "101CA00O400N0760W", "Region": "North Atlantic Ocean / Océan Atlantique Nord [Overview 44N/88W]" }, "geometry": { "type": "Polygon", "coordinates": [ [ [ -76.0, 40.0 ], [ -72.0, 40.0 ], [ -72.0, 44.0 ], [ -76.0, 44.0 ], [ -76.0, 40.0 ] ] ] } },
{ "type": "Feature", "properties": { "fid": 47, "S-57": "CA22EMTA", "lat_min": 40, "lat_max": 44, "lon_min": -72, "lon_max": -68, "S-101": "101CA00O400N0720W", "Region": "North Atlantic Ocean / Océan Atlantique Nord [Overview 44N/88W]" }, "geometry": { "type": "Polygon", "coordinates": [ [ [ -72.0, 40.0 ], [ -68.0, 40.0 ], [ -68.0, 44.0 ], [ -72.0, 44.0 ], [ -72.0, 40.0 ] ] ] } },
{ "type": "Feature", "properties": { "fid": 48, "S-57": "CA22EP1A", "lat_min": 40, "lat_max": 44, "lon_min": -68, "lon_max": -64, "S-101": "101CA00O400N0680W", "Region": "North Atlantic Ocean / Océan Atlantique Nord [Overview 44N/88W]" }, "geometry": { "type": "Polygon", "coordinates": [ [ [ -68.0, 40.0 ], [ -64.0, 40.0 ], [ -64.0, 44.0 ], [ -68.0, 44.0 ], [ -68.0, 40.0 ] ] ] } },
{ "type": "Feature", "properties": { "fid": 49, "S-57": "CA22EQ8A", "lat_min": 40, "lat_max": 44, "lon_min": -64, "lon_max": -60, "S-101": "101CA00O400N0640W", "Region": "North Atlantic Ocean / Océan Atlantique Nord [Overview 44N/88W]" }, "geometry": { "type": "Polygon", "coordinates": [ [ [ -64.0, 40.0 ], [ -60.0, 40.0 ], [ -60.0, 44.0 ], [ -64.0, 44.0 ], [ -64.0, 40.0 ] ] ] } },
{ "type": "Feature", "properties": { "fid": 50, "S-57": "CA22ERFA", "lat_min": 40, "lat_max": 44, "lon_min": -60, "lon_max": -56, "S-101": "101CA00O400N0600W", "Region": "North Atlantic Ocean / Océan Atlantique Nord [Overview 44N/88W]" }, "geometry": { "type": "Polygon", "coordinates": [ [ [ -60.0, 40.0 ], [ -56.0, 40.0 ], [ -56.0, 44.0 ], [ -60.0, 44.0 ], [ -60.0, 40.0 ] ] ] } },
{ "type": "Feature", "properties": { "fid": 51, "S-57": "CA22ESNA", "lat_min": 40, "lat_max": 44, "lon_min": -56, "lon_max": -52, "S-101": "101CA00O400N0560W", "Region": "North Atlantic Ocean / Océan Atlantique Nord [Overview 44N/88W]" }, "geometry": { "type": "Polygon", "coordinates": [ [ [ -56.0, 40.0 ], [ -52.0, 40.0 ], [ -52.0, 44.0 ], [ -56.0, 44.0 ], [ -56.0, 40.0 ] ] ] } },
{ "type": "Feature", "properties": { "fid": 52, "S-57": "CA22ETVA", "lat_min": 40, "lat_max": 44, "lon_min": -52, "lon_max": -48, "S-101": "101CA00O400N0520W", "Region": "North Atlantic Ocean / Océan Atlantique Nord [Overview 44N/88W]" }, "geometry": { "type": "Polygon", "coordinates": [ [ [ -52.0, 40.0 ], [ -48.0, 40.0 ], [ -48.0, 44.0 ], [ -52.0, 44.0 ], [ -52.0, 40.0 ] ] ] } },
{ "type": "Feature", "properties": { "fid": 53, "S-57": "CA22EV3A", "lat_min": 40, "lat_max": 44, "lon_min": -48, "lon_max": -44, "S-101": "101CA00O400N0480W", "Region": "North Atlantic Ocean / Océan Atlantique Nord [Overview 44N/88W]" }, "geometry": { "type": "Polygon", "coordinates": [ [ [ -48.0, 40.0 ], [ -44.0, 40.0 ], [ -44.0, 44.0 ], [ -48.0, 44.0 ], [ -48.0, 40.0 ] ] ] } },
{ "type": "Feature", "properties": { "fid": 54, "S-57": "CA22EWAA", "lat_min": 40, "lat_max": 44, "lon_min": -44, "lon_max": -40, "S-101": "101CA00O400N0440W", "Region": "North Atlantic Ocean / Océan Atlantique Nord [Overview 44N/88W]" }, "geometry": { "type": "Polygon", "coordinates": [ [ [ -44.0, 40.0 ], [ -40.0, 40.0 ], [ -40.0, 44.0 ], [ -44.0, 44.0 ], [ -44.0, 40.0 ] ] ] } },
{ "type": "Feature", "properties": { "fid": 55, "S-57": "CA22EXHA", "lat_min": 40, "lat_max": 44, "lon_min": -40, "lon_max": -36, "S-101": "101CA00O400N0400W", "Region": "North Atlantic Ocean / Océan Atlantique Nord [Overview 44N/88W]" }, "geometry": { "type": "Polygon", "coordinates": [ [ [ -40.0, 40.0 ], [ -36.0, 40.0 ], [ -36.0, 44.0 ], [ -40.0, 44.0 ], [ -40.0, 40.0 ] ] ] } },
{ "type": "Feature", "properties": { "fid": 56, "S-57": "CA22EXJA", "lat_min": 40, "lat_max": 44, "lon_min": -36, "lon_max": -32, "S-101": "101CA00O400N0360W", "Region": "North Atlantic Ocean / Océan Atlantique Nord [Overview 44N/88W]" }, "geometry": { "type": "Polygon", "coordinates": [ [ [ -36.0, 40.0 ], [ -32.0, 40.0 ], [ -32.0, 44.0 ], [ -36.0, 44.0 ], [ -36.0, 40.0 ] ] ] } },
{ "type": "Feature", "properties": { "fid": 57, "S-57": "CA23M16A", "lat_min": 44, "lat_max": 48, "lon_min": -144, "lon_max": -140, "S-101": "101CA00O440N1440W", "Region": "Pacific Ocean / Océan Pacifique [Overview 44N/88W]" }, "geometry": { "type": "Polygon", "coordinates": [ [ [ -144.0, 44.0 ], [ -140.0, 44.0 ], [ -140.0, 48.0 ], [ -144.0, 48.0 ], [ -144.0, 44.0 ] ] ] } },
{ "type": "Feature", "properties": { "fid": 58, "S-57": "CA23M17A", "lat_min": 44, "lat_max": 48, "lon_min": -140, "lon_max": -136, "S-101": "101CA00O440N1400W", "Region": "Pacific Ocean / Océan Pacifique [Overview 44N/88W]" }, "geometry": { "type": "Polygon", "coordinates": [ [ [ -140.0, 44.0 ], [ -136.0, 44.0 ], [ -136.0, 48.0 ], [ -140.0, 48.0 ], [ -140.0, 44.0 ] ] ] } },
{ "type": "Feature", "properties": { "fid": 59, "S-57": "CA23M2EA", "lat_min": 44, "lat_max": 48, "lon_min": -136, "lon_max": -132, "S-101": "101CA00O440N1360W", "Region": "Pacific Ocean / Océan Pacifique [Overview 44N/88W]" }, "geometry": { "type": "Polygon", "coordinates": [ [ [ -136.0, 44.0 ], [ -132.0, 44.0 ], [ -132.0, 48.0 ], [ -136.0, 48.0 ], [ -136.0, 44.0 ] ] ] } },
{ "type": "Feature", "properties": { "fid": 60, "S-57": "CA23M3MA", "lat_min": 44, "lat_max": 48, "lon_min": -132, "lon_max": -128, "S-101": "101CA00O440N1320W", "Region": "Pacific Ocean / Océan Pacifique [Overview 44N/88W]" }, "geometry": { "type": "Polygon", "coordinates": [ [ [ -132.0, 44.0 ], [ -128.0, 44.0 ], [ -128.0, 48.0 ], [ -132.0, 48.0 ], [ -132.0, 44.0 ] ] ] } },
{ "type": "Feature", "properties": { "fid": 61, "S-57": "CA23M4UA", "lat_min": 44, "lat_max": 48, "lon_min": -128, "lon_max": -124, "S-101": "101CA00O440N1280W", "Region": "Pacific Ocean / Océan Pacifique [Overview 44N/88W]" }, "geometry": { "type": "Polygon", "coordinates": [ [ [ -128.0, 44.0 ], [ -124.0, 44.0 ], [ -124.0, 48.0 ], [ -128.0, 48.0 ], [ -128.0, 44.0 ] ] ] } },
{ "type": "Feature", "properties": { "fid": 62, "S-57": "CA23M62A", "lat_min": 44, "lat_max": 48, "lon_min": -124, "lon_max": -120, "S-101": "101CA00O440N1240W", "Region": "Pacific Ocean / Océan Pacifique [Overview 44N/88W]" }, "geometry": { "type": "Polygon", "coordinates": [ [ [ -124.0, 44.0 ], [ -120.0, 44.0 ], [ -120.0, 48.0 ], [ -124.0, 48.0 ], [ -124.0, 44.0 ] ] ] } },
{ "type": "Feature", "properties": { "fid": 63, "S-57": "CA23M79A", "lat_min": 44, "lat_max": 48, "lon_min": -120, "lon_max": -116, "S-101": "101CA00O440N1200W", "Region": "Continental Interior / Intérieur des terres [Overview 44N/88W]" }, "geometry": { "type": "Polygon", "coordinates": [ [ [ -120.0, 44.0 ], [ -116.0, 44.0 ], [ -116.0, 48.0 ], [ -120.0, 48.0 ], [ -120.0, 44.0 ] ] ] } },
{ "type": "Feature", "properties": { "fid": 64, "S-57": "CA23M8GA", "lat_min": 44, "lat_max": 48, "lon_min": -116, "lon_max": -112, "S-101": "101CA00O440N1160W", "Region": "Continental Interior / Intérieur des terres [Overview 44N/88W]" }, "geometry": { "type": "Polygon", "coordinates": [ [ [ -116.0, 44.0 ], [ -112.0, 44.0 ], [ -112.0, 48.0 ], [ -116.0, 48.0 ], [ -116.0, 44.0 ] ] ] } },
{ "type": "Feature", "properties": { "fid": 65, "S-57": "CA23M9PA", "lat_min": 44, "lat_max": 48, "lon_min": -112, "lon_max": -108, "S-101": "101CA00O440N1120W", "Region": "Continental Interior / Intérieur des terres [Overview 44N/88W]" }, "geometry": { "type": "Polygon", "coordinates": [ [ [ -112.0, 44.0 ], [ -108.0, 44.0 ], [ -108.0, 48.0 ], [ -112.0, 48.0 ], [ -112.0, 44.0 ] ] ] } },
{ "type": "Feature", "properties": { "fid": 66, "S-57": "CA23MAWA", "lat_min": 44, "lat_max": 48, "lon_min": -108, "lon_max": -104, "S-101": "101CA00O440N1080W", "Region": "Continental Interior / Intérieur des terres [Overview 44N/88W]" }, "geometry": { "type": "Polygon", "coordinates": [ [ [ -108.0, 44.0 ], [ -104.0, 44.0 ], [ -104.0, 48.0 ], [ -108.0, 48.0 ], [ -108.0, 44.0 ] ] ] } },
{ "type": "Feature", "properties": { "fid": 67, "S-57": "CA23MC4A", "lat_min": 44, "lat_max": 48, "lon_min": -104, "lon_max": -100, "S-101": "101CA00O440N1040W", "Region": "Continental Interior / Intérieur des terres [Overview 44N/88W]" }, "geometry": { "type": "Polygon", "coordinates": [ [ [ -104.0, 44.0 ], [ -100.0, 44.0 ], [ -100.0, 48.0 ], [ -104.0, 48.0 ], [ -104.0, 44.0 ] ] ] } },
{ "type": "Feature", "properties": { "fid": 68, "S-57": "CA23MDBA", "lat_min": 44, "lat_max": 48, "lon_min": -100, "lon_max": -96, "S-101": "101CA00O440N1000W", "Region": "Continental Interior / Intérieur des terres [Overview 44N/88W]" }, "geometry": { "type": "Polygon", "coordinates": [ [ [ -100.0, 44.0 ], [ -96.0, 44.0 ], [ -96.0, 48.0 ], [ -100.0, 48.0 ], [ -100.0, 44.0 ] ] ] } },
{ "type": "Feature", "properties": { "fid": 69, "S-57": "CA23MEJA", "lat_min": 44, "lat_max": 48, "lon_min": -96, "lon_max": -92, "S-101": "101CA00O440N0960W", "Region": "Great Lakes / Grands Lacs [Overview 44N/88W]" }, "geometry": { "type": "Polygon", "coordinates": [ [ [ -96.0, 44.0 ], [ -92.0, 44.0 ], [ -92.0, 48.0 ], [ -96.0, 48.0 ], [ -96.0, 44.0 ] ] ] } },
{ "type": "Feature", "properties": { "fid": 70, "S-57": "CA23MFRA", "lat_min": 44, "lat_max": 48, "lon_min": -92, "lon_max": -88, "S-101": "101CA00O440N0920W", "Region": "Great Lakes / Grands Lacs [Overview 44N/88W]" }, "geometry": { "type": "Polygon", "coordinates": [ [ [ -92.0, 44.0 ], [ -88.0, 44.0 ], [ -88.0, 48.0 ], [ -92.0, 48.0 ], [ -92.0, 44.0 ] ] ] } },
{ "type": "Feature", "properties": { "fid": 71, "S-57": "CA23MGYA", "lat_min": 44, "lat_max": 48, "lon_min": -88, "lon_max": -84, "S-101": "101CA00O440N0880W", "Region": "Great Lakes / Grands Lacs [Overview 44N/88W]" }, "geometry": { "type": "Polygon", "coordinates": [ [ [ -88.0, 44.0 ], [ -84.0, 44.0 ], [ -84.0, 48.0 ], [ -88.0, 48.0 ], [ -88.0, 44.0 ] ] ] } },
{ "type": "Feature", "properties": { "fid": 72, "S-57": "CA23MJ6A", "lat_min": 44, "lat_max": 48, "lon_min": -84, "lon_max": -80, "S-101": "101CA00O440N0840W", "Region": "Great Lakes / Grands Lacs [Overview 44N/88W]" }, "geometry": { "type": "Polygon", "coordinates": [ [ [ -84.0, 44.0 ], [ -80.0, 44.0 ], [ -80.0, 48.0 ], [ -84.0, 48.0 ], [ -84.0, 44.0 ] ] ] } },
{ "type": "Feature", "properties": { "fid": 73, "S-57": "CA23MKDA", "lat_min": 44, "lat_max": 48, "lon_min": -80, "lon_max": -76, "S-101": "101CA00O440N0800W", "Region": "Great Lakes / Grands Lacs [Overview 44N/88W]" }, "geometry": { "type": "Polygon", "coordinates": [ [ [ -80.0, 44.0 ], [ -76.0, 44.0 ], [ -76.0, 48.0 ], [ -80.0, 48.0 ], [ -80.0, 44.0 ] ] ] } },
{ "type": "Feature", "properties": { "fid": 74, "S-57": "CA23MLLA", "lat_min": 44, "lat_max": 48, "lon_min": -76, "lon_max": -72, "S-101": "101CA00O440N0760W", "Region": "St. Lawrence Basin / Bassin du Saint-Laurent [Overview 44N/88W]" }, "geometry": { "type": "Polygon", "coordinates": [ [ [ -76.0, 44.0 ], [ -72.0, 44.0 ], [ -72.0, 48.0 ], [ -76.0, 48.0 ], [ -76.0, 44.0 ] ] ] } },
{ "type": "Feature", "properties": { "fid": 75, "S-57": "CA23MMTA", "lat_min": 44, "lat_max": 48, "lon_min": -72, "lon_max": -68, "S-101": "101CA00O440N0720W", "Region": "St. Lawrence Basin / Bassin du Saint-Laurent [Overview 44N/88W]" }, "geometry": { "type": "Polygon", "coordinates": [ [ [ -72.0, 44.0 ], [ -68.0, 44.0 ], [ -68.0, 48.0 ], [ -72.0, 48.0 ], [ -72.0, 44.0 ] ] ] } },
{ "type": "Feature", "properties": { "fid": 76, "S-57": "CA23MP1A", "lat_min": 44, "lat_max": 48, "lon_min": -68, "lon_max": -64, "S-101": "101CA00O440N0680W", "Region": "North Atlantic Ocean / Océan Atlantique Nord [Overview 44N/88W]" }, "geometry": { "type": "Polygon", "coordinates": [ [ [ -68.0, 44.0 ], [ -64.0, 44.0 ], [ -64.0, 48.0 ], [ -68.0, 48.0 ], [ -68.0, 44.0 ] ] ] } },
{ "type": "Feature", "properties": { "fid": 77, "S-57": "CA23MQ8A", "lat_min": 44, "lat_max": 48, "lon_min": -64, "lon_max": -60, "S-101": "101CA00O440N0640W", "Region": "North Atlantic Ocean / Océan Atlantique Nord [Overview 44N/88W]" }, "geometry": { "type": "Polygon", "coordinates": [ [ [ -64.0, 44.0 ], [ -60.0, 44.0 ], [ -60.0, 48.0 ], [ -64.0, 48.0 ], [ -64.0, 44.0 ] ] ] } },
{ "type": "Feature", "properties": { "fid": 78, "S-57": "CA23MRFA", "lat_min": 44, "lat_max": 48, "lon_min": -60, "lon_max": -56, "S-101": "101CA00O440N0600W", "Region": "North Atlantic Ocean / Océan Atlantique Nord [Overview 44N/88W]" }, "geometry": { "type": "Polygon", "coordinates": [ [ [ -60.0, 44.0 ], [ -56.0, 44.0 ], [ -56.0, 48.0 ], [ -60.0, 48.0 ], [ -60.0, 44.0 ] ] ] } },
{ "type": "Feature", "properties": { "fid": 79, "S-57": "CA23MSNA", "lat_min": 44, "lat_max": 48, "lon_min": -56, "lon_max": -52, "S-101": "101CA00O440N0560W", "Region": "North Atlantic Ocean / Océan Atlantique Nord [Overview 44N/88W]" }, "geometry": { "type": "Polygon", "coordinates": [ [ [ -56.0, 44.0 ], [ -52.0, 44.0 ], [ -52.0, 48.0 ], [ -56.0, 48.0 ], [ -56.0, 44.0 ] ] ] } },
{ "type": "Feature", "properties": { "fid": 80, "S-57": "CA23MTVA", "lat_min": 44, "lat_max": 48, "lon_min": -52, "lon_max": -48, "S-101": "101CA00O440N0520W", "Region": "North Atlantic Ocean / Océan Atlantique Nord [Overview 44N/88W]" }, "geometry": { "type": "Polygon", "coordinates": [ [ [ -52.0, 44.0 ], [ -48.0, 44.0 ], [ -48.0, 48.0 ], [ -52.0, 48.0 ], [ -52.0, 44.0 ] ] ] } },
{ "type": "Feature", "properties": { "fid": 81, "S-57": "CA23MV3A", "lat_min": 44, "lat_max": 48, "lon_min": -48, "lon_max": -44, "S-101": "101CA00O440N0480W", "Region": "North Atlantic Ocean / Océan Atlantique Nord [Overview 44N/88W]" }, "geometry": { "type": "Polygon", "coordinates": [ [ [ -48.0, 44.0 ], [ -44.0, 44.0 ], [ -44.0, 48.0 ], [ -48.0, 48.0 ], [ -48.0, 44.0 ] ] ] } },
{ "type": "Feature", "properties": { "fid": 82, "S-57": "CA23MWAA", "lat_min": 44, "lat_max": 48, "lon_min": -44, "lon_max": -40, "S-101": "101CA00O440N0440W", "Region": "North Atlantic Ocean / Océan Atlantique Nord [Overview 44N/88W]" }, "geometry": { "type": "Polygon", "coordinates": [ [ [ -44.0, 44.0 ], [ -40.0, 44.0 ], [ -40.0, 48.0 ], [ -44.0, 48.0 ], [ -44.0, 44.0 ] ] ] } },
{ "type": "Feature", "properties": { "fid": 83, "S-57": "CA23MXHA", "lat_min": 44, "lat_max": 48, "lon_min": -40, "lon_max": -36, "S-101": "101CA00O440N0400W", "Region": "North Atlantic Ocean / Océan Atlantique Nord [Overview 44N/88W]" }, "geometry": { "type": "Polygon", "coordinates": [ [ [ -40.0, 44.0 ], [ -36.0, 44.0 ], [ -36.0, 48.0 ], [ -40.0, 48.0 ], [ -40.0, 44.0 ] ] ] } },
{ "type": "Feature", "properties": { "fid": 84, "S-57": "CA23MXJA", "lat_min": 44, "lat_max": 48, "lon_min": -36, "lon_max": -32, "S-101": "101CA00O440N0360W", "Region": "North Atlantic Ocean / Océan Atlantique Nord [Overview 44N/88W]" }, "geometry": { "type": "Polygon", "coordinates": [ [ [ -36.0, 44.0 ], [ -32.0, 44.0 ], [ -32.0, 48.0 ], [ -36.0, 48.0 ], [ -36.0, 44.0 ] ] ] } },
{ "type": "Feature", "properties": { "fid": 85, "S-57": "CA24U16A", "lat_min": 48, "lat_max": 52, "lon_min": -144, "lon_max": -140, "S-101": "101CA00O480N1440W", "Region": "Pacific Ocean / Océan Pacifique [Overview 44N/88W]" }, "geometry": { "type": "Polygon", "coordinates": [ [ [ -144.0, 48.0 ], [ -140.0, 48.0 ], [ -140.0, 52.0 ], [ -144.0, 52.0 ], [ -144.0, 48.0 ] ] ] } },
{ "type": "Feature", "properties": { "fid": 86, "S-57": "CA24U17A", "lat_min": 48, "lat_max": 52, "lon_min": -140, "lon_max": -136, "S-101": "101CA00O480N1400W", "Region": "Pacific Ocean / Océan Pacifique [Overview 44N/88W]" }, "geometry": { "type": "Polygon", "coordinates": [ [ [ -140.0, 48.0 ], [ -136.0, 48.0 ], [ -136.0, 52.0 ], [ -140.0, 52.0 ], [ -140.0, 48.0 ] ] ] } },
{ "type": "Feature", "properties": { "fid": 87, "S-57": "CA24U2EA", "lat_min": 48, "lat_max": 52, "lon_min": -136, "lon_max": -132, "S-101": "101CA00O480N1360W", "Region": "Pacific Ocean / Océan Pacifique [Overview 44N/88W]" }, "geometry": { "type": "Polygon", "coordinates": [ [ [ -136.0, 48.0 ], [ -132.0, 48.0 ], [ -132.0, 52.0 ], [ -136.0, 52.0 ], [ -136.0, 48.0 ] ] ] } },
{ "type": "Feature", "properties": { "fid": 88, "S-57": "CA24U3MA", "lat_min": 48, "lat_max": 52, "lon_min": -132, "lon_max": -128, "S-101": "101CA00O480N1320W", "Region": "Coastal Waters of Southeast Alaska and British Columbia / Eaux côtières de l'Alaska du Sud-Est et de la Colombie-Britannique [Overview 44N/88W]" }, "geometry": { "type": "Polygon", "coordinates": [ [ [ -132.0, 48.0 ], [ -128.0, 48.0 ], [ -128.0, 52.0 ], [ -132.0, 52.0 ], [ -132.0, 48.0 ] ] ] } },
{ "type": "Feature", "properties": { "fid": 89, "S-57": "CA24U4UA", "lat_min": 48, "lat_max": 52, "lon_min": -128, "lon_max": -124, "S-101": "101CA00O480N1280W", "Region": "Coastal Waters of Southeast Alaska and British Columbia / Eaux côtières de l'Alaska du Sud-Est et de la Colombie-Britannique [Overview 44N/88W]" }, "geometry": { "type": "Polygon", "coordinates": [ [ [ -128.0, 48.0 ], [ -124.0, 48.0 ], [ -124.0, 52.0 ], [ -128.0, 52.0 ], [ -128.0, 48.0 ] ] ] } },
{ "type": "Feature", "properties": { "fid": 90, "S-57": "CA24U62A", "lat_min": 48, "lat_max": 52, "lon_min": -124, "lon_max": -120, "S-101": "101CA00O480N1240W", "Region": "Coastal Waters of Southeast Alaska and British Columbia / Eaux côtières de l'Alaska du Sud-Est et de la Colombie-Britannique [Overview 44N/88W]" }, "geometry": { "type": "Polygon", "coordinates": [ [ [ -124.0, 48.0 ], [ -120.0, 48.0 ], [ -120.0, 52.0 ], [ -124.0, 52.0 ], [ -124.0, 48.0 ] ] ] } },
{ "type": "Feature", "properties": { "fid": 91, "S-57": "CA24U79A", "lat_min": 48, "lat_max": 52, "lon_min": -120, "lon_max": -116, "S-101": "101CA00O480N1200W", "Region": "Kootenay Lake / Lac Kootenay [Overview 44N/88W]" }, "geometry": { "type": "Polygon", "coordinates": [ [ [ -120.0, 48.0 ], [ -116.0, 48.0 ], [ -116.0, 52.0 ], [ -120.0, 52.0 ], [ -120.0, 48.0 ] ] ] } },
{ "type": "Feature", "properties": { "fid": 92, "S-57": "CA24U8GA", "lat_min": 48, "lat_max": 52, "lon_min": -116, "lon_max": -112, "S-101": "101CA00O480N1160W", "Region": "Continental Interior / Intérieur des terres [Overview 44N/88W]" }, "geometry": { "type": "Polygon", "coordinates": [ [ [ -116.0, 48.0 ], [ -112.0, 48.0 ], [ -112.0, 52.0 ], [ -116.0, 52.0 ], [ -116.0, 48.0 ] ] ] } },
{ "type": "Feature", "properties": { "fid": 93, "S-57": "CA24U9PA", "lat_min": 48, "lat_max": 52, "lon_min": -112, "lon_max": -108, "S-101": "101CA00O480N1120W", "Region": "Continental Interior / Intérieur des terres [Overview 44N/88W]" }, "geometry": { "type": "Polygon", "coordinates": [ [ [ -112.0, 48.0 ], [ -108.0, 48.0 ], [ -108.0, 52.0 ], [ -112.0, 52.0 ], [ -112.0, 48.0 ] ] ] } },
{ "type": "Feature", "properties": { "fid": 94, "S-57": "CA24UAWA", "lat_min": 48, "lat_max": 52, "lon_min": -108, "lon_max": -104, "S-101": "101CA00O480N1080W", "Region": "Continental Interior / Intérieur des terres [Overview 44N/88W]" }, "geometry": { "type": "Polygon", "coordinates": [ [ [ -108.0, 48.0 ], [ -104.0, 48.0 ], [ -104.0, 52.0 ], [ -108.0, 52.0 ], [ -108.0, 48.0 ] ] ] } },
{ "type": "Feature", "properties": { "fid": 95, "S-57": "CA24UC4A", "lat_min": 48, "lat_max": 52, "lon_min": -104, "lon_max": -100, "S-101": "101CA00O480N1040W", "Region": "Manitoba Great Lakes / Grands Lacs du Manitoba [Overview 44N/88W]" }, "geometry": { "type": "Polygon", "coordinates": [ [ [ -104.0, 48.0 ], [ -100.0, 48.0 ], [ -100.0, 52.0 ], [ -104.0, 52.0 ], [ -104.0, 48.0 ] ] ] } },
{ "type": "Feature", "properties": { "fid": 96, "S-57": "CA24UDBA", "lat_min": 48, "lat_max": 52, "lon_min": -100, "lon_max": -96, "S-101": "101CA00O480N1000W", "Region": "Manitoba Great Lakes / Grands Lacs du Manitoba [Overview 44N/88W]" }, "geometry": { "type": "Polygon", "coordinates": [ [ [ -100.0, 48.0 ], [ -96.0, 48.0 ], [ -96.0, 52.0 ], [ -100.0, 52.0 ], [ -100.0, 48.0 ] ] ] } },
{ "type": "Feature", "properties": { "fid": 97, "S-57": "CA24UEJA", "lat_min": 48, "lat_max": 52, "lon_min": -96, "lon_max": -92, "S-101": "101CA00O480N0960W", "Region": "Lake of the Woods / Lac des Bois [Overview 44N/88W]'" }, "geometry": { "type": "Polygon", "coordinates": [ [ [ -96.0, 48.0 ], [ -92.0, 48.0 ], [ -92.0, 52.0 ], [ -96.0, 52.0 ], [ -96.0, 48.0 ] ] ] } },
{ "type": "Feature", "properties": { "fid": 98, "S-57": "CA24UFRA", "lat_min": 48, "lat_max": 52, "lon_min": -92, "lon_max": -88, "S-101": "101CA00O480N0920W", "Region": "Great Lakes / Grands Lacs [Overview 44N/88W]" }, "geometry": { "type": "Polygon", "coordinates": [ [ [ -92.0, 48.0 ], [ -88.0, 48.0 ], [ -88.0, 52.0 ], [ -92.0, 52.0 ], [ -92.0, 48.0 ] ] ] } },
{ "type": "Feature", "properties": { "fid": 99, "S-57": "CA24UGYA", "lat_min": 48, "lat_max": 52, "lon_min": -88, "lon_max": -84, "S-101": "101CA00O480N0880W", "Region": "Great Lakes / Grands Lacs [Overview 44N/88W]" }, "geometry": { "type": "Polygon", "coordinates": [ [ [ -88.0, 48.0 ], [ -84.0, 48.0 ], [ -84.0, 52.0 ], [ -88.0, 52.0 ], [ -88.0, 48.0 ] ] ] } },
{ "type": "Feature", "properties": { "fid": 100, "S-57": "CA24UJ6A", "lat_min": 48, "lat_max": 52, "lon_min": -84, "lon_max": -80, "S-101": "101CA00O480N0840W", "Region": "Hudson Bay / Baie d'Hudson [Overview 44N/88W]" }, "geometry": { "type": "Polygon", "coordinates": [ [ [ -84.0, 48.0 ], [ -80.0, 48.0 ], [ -80.0, 52.0 ], [ -84.0, 52.0 ], [ -84.0, 48.0 ] ] ] } },
{ "type": "Feature", "properties": { "fid": 101, "S-57": "CA24UKDA", "lat_min": 48, "lat_max": 52, "lon_min": -80, "lon_max": -76, "S-101": "101CA00O480N0800W", "Region": "Hudson Bay / Baie d'Hudson [Overview 44N/88W]" }, "geometry": { "type": "Polygon", "coordinates": [ [ [ -80.0, 48.0 ], [ -76.0, 48.0 ], [ -76.0, 52.0 ], [ -80.0, 52.0 ], [ -80.0, 48.0 ] ] ] } },
{ "type": "Feature", "properties": { "fid": 102, "S-57": "CA24ULLA", "lat_min": 48, "lat_max": 52, "lon_min": -76, "lon_max": -72, "S-101": "101CA00O480N0760W", "Region": "St. Lawrence Basin / Bassin du Saint-Laurent [Overview 44N/88W]" }, "geometry": { "type": "Polygon", "coordinates": [ [ [ -76.0, 48.0 ], [ -72.0, 48.0 ], [ -72.0, 52.0 ], [ -76.0, 52.0 ], [ -76.0, 48.0 ] ] ] } },
{ "type": "Feature", "properties": { "fid": 103, "S-57": "CA24UMTA", "lat_min": 48, "lat_max": 52, "lon_min": -72, "lon_max": -68, "S-101": "101CA00O480N0720W", "Region": "St. Lawrence Basin / Bassin du Saint-Laurent [Overview 44N/88W]" }, "geometry": { "type": "Polygon", "coordinates": [ [ [ -72.0, 48.0 ], [ -68.0, 48.0 ], [ -68.0, 52.0 ], [ -72.0, 52.0 ], [ -72.0, 48.0 ] ] ] } },
{ "type": "Feature", "properties": { "fid": 104, "S-57": "CA24UP1A", "lat_min": 48, "lat_max": 52, "lon_min": -68, "lon_max": -64, "S-101": "101CA00O480N0680W", "Region": "St. Lawrence Basin / Bassin du Saint-Laurent [Overview 44N/88W]" }, "geometry": { "type": "Polygon", "coordinates": [ [ [ -68.0, 48.0 ], [ -64.0, 48.0 ], [ -64.0, 52.0 ], [ -68.0, 52.0 ], [ -68.0, 48.0 ] ] ] } },
{ "type": "Feature", "properties": { "fid": 105, "S-57": "CA24UQ8A", "lat_min": 48, "lat_max": 52, "lon_min": -64, "lon_max": -60, "S-101": "101CA00O480N0640W", "Region": "Gulf of St. Lawrence / Golfe du Saint-Laurent [Overview 44N/88W]" }, "geometry": { "type": "Polygon", "coordinates": [ [ [ -64.0, 48.0 ], [ -60.0, 48.0 ], [ -60.0, 52.0 ], [ -64.0, 52.0 ], [ -64.0, 48.0 ] ] ] } },
{ "type": "Feature", "properties": { "fid": 106, "S-57": "CA24URFA", "lat_min": 48, "lat_max": 52, "lon_min": -60, "lon_max": -56, "S-101": "101CA00O480N0600W", "Region": "Gulf of St. Lawrence / Golfe du Saint-Laurent [Overview 44N/88W]" }, "geometry": { "type": "Polygon", "coordinates": [ [ [ -60.0, 48.0 ], [ -56.0, 48.0 ], [ -56.0, 52.0 ], [ -60.0, 52.0 ], [ -60.0, 48.0 ] ] ] } },
{ "type": "Feature", "properties": { "fid": 107, "S-57": "CA24USNA", "lat_min": 48, "lat_max": 52, "lon_min": -56, "lon_max": -52, "S-101": "101CA00O480N0560W", "Region": "Labrador Sea / Mer du Labrador[Overview 44N/88W]" }, "geometry": { "type": "Polygon", "coordinates": [ [ [ -56.0, 48.0 ], [ -52.0, 48.0 ], [ -52.0, 52.0 ], [ -56.0, 52.0 ], [ -56.0, 48.0 ] ] ] } },
{ "type": "Feature", "properties": { "fid": 108, "S-57": "CA24UTVA", "lat_min": 48, "lat_max": 52, "lon_min": -52, "lon_max": -48, "S-101": "101CA00O480N0520W", "Region": "North Atlantic Ocean / Océan Atlantique Nord [Overview 44N/88W]" }, "geometry": { "type": "Polygon", "coordinates": [ [ [ -52.0, 48.0 ], [ -48.0, 48.0 ], [ -48.0, 52.0 ], [ -52.0, 52.0 ], [ -52.0, 48.0 ] ] ] } },
{ "type": "Feature", "properties": { "fid": 109, "S-57": "CA24UV3A", "lat_min": 48, "lat_max": 52, "lon_min": -48, "lon_max": -44, "S-101": "101CA00O480N0480W", "Region": "North Atlantic Ocean / Océan Atlantique Nord [Overview 44N/88W]" }, "geometry": { "type": "Polygon", "coordinates": [ [ [ -48.0, 48.0 ], [ -44.0, 48.0 ], [ -44.0, 52.0 ], [ -48.0, 52.0 ], [ -48.0, 48.0 ] ] ] } },
{ "type": "Feature", "properties": { "fid": 110, "S-57": "CA24UWAA", "lat_min": 48, "lat_max": 52, "lon_min": -44, "lon_max": -40, "S-101": "101CA00O480N0440W", "Region": "North Atlantic Ocean / Océan Atlantique Nord [Overview 44N/88W]" }, "geometry": { "type": "Polygon", "coordinates": [ [ [ -44.0, 48.0 ], [ -40.0, 48.0 ], [ -40.0, 52.0 ], [ -44.0, 52.0 ], [ -44.0, 48.0 ] ] ] } },
{ "type": "Feature", "properties": { "fid": 111, "S-57": "CA24UXHA", "lat_min": 48, "lat_max": 52, "lon_min": -40, "lon_max": -36, "S-101": "101CA00O480N0400W", "Region": "North Atlantic Ocean / Océan Atlantique Nord [Overview 44N/88W]" }, "geometry": { "type": "Polygon", "coordinates": [ [ [ -40.0, 48.0 ], [ -36.0, 48.0 ], [ -36.0, 52.0 ], [ -40.0, 52.0 ], [ -40.0, 48.0 ] ] ] } },
{ "type": "Feature", "properties": { "fid": 112, "S-57": "CA24UXJA", "lat_min": 48, "lat_max": 52, "lon_min": -36, "lon_max": -32, "S-101": "101CA00O480N0360W", "Region": "North Atlantic Ocean / Océan Atlantique Nord [Overview 44N/88W]" }, "geometry": { "type": "Polygon", "coordinates": [ [ [ -36.0, 48.0 ], [ -32.0, 48.0 ], [ -32.0, 52.0 ], [ -36.0, 52.0 ], [ -36.0, 48.0 ] ] ] } },
{ "type": "Feature", "properties": { "fid": 113, "S-57": "CA26216A", "lat_min": 52, "lat_max": 56, "lon_min": -144, "lon_max": -140, "S-101": "101CA00O520N1440W", "Region": "Pacific Ocean / Océan Pacifique [Overview 44N/88W]" }, "geometry": { "type": "Polygon", "coordinates": [ [ [ -144.0, 52.0 ], [ -140.0, 52.0 ], [ -140.0, 56.0 ], [ -144.0, 56.0 ], [ -144.0, 52.0 ] ] ] } },
{ "type": "Feature", "properties": { "fid": 114, "S-57": "CA26217A", "lat_min": 52, "lat_max": 56, "lon_min": -140, "lon_max": -136, "S-101": "101CA00O520N1400W", "Region": "Pacific Ocean / Océan Pacifique [Overview 44N/88W]" }, "geometry": { "type": "Polygon", "coordinates": [ [ [ -140.0, 52.0 ], [ -136.0, 52.0 ], [ -136.0, 56.0 ], [ -140.0, 56.0 ], [ -140.0, 52.0 ] ] ] } },
{ "type": "Feature", "properties": { "fid": 115, "S-57": "CA2622EA", "lat_min": 52, "lat_max": 56, "lon_min": -136, "lon_max": -132, "S-101": "101CA00O520N1360W", "Region": "Coastal Waters of Southeast Alaska and British Columbia / Eaux côtières de l'Alaska du Sud-Est et de la Colombie-Britannique [Overview 44N/88W]" }, "geometry": { "type": "Polygon", "coordinates": [ [ [ -136.0, 52.0 ], [ -132.0, 52.0 ], [ -132.0, 56.0 ], [ -136.0, 56.0 ], [ -136.0, 52.0 ] ] ] } },
{ "type": "Feature", "properties": { "fid": 116, "S-57": "CA2623MA", "lat_min": 52, "lat_max": 56, "lon_min": -132, "lon_max": -128, "S-101": "101CA00O520N1320W", "Region": "Coastal Waters of Southeast Alaska and British Columbia / Eaux côtières de l'Alaska du Sud-Est et de la Colombie-Britannique [Overview 44N/88W]" }, "geometry": { "type": "Polygon", "coordinates": [ [ [ -132.0, 52.0 ], [ -128.0, 52.0 ], [ -128.0, 56.0 ], [ -132.0, 56.0 ], [ -132.0, 52.0 ] ] ] } },
{ "type": "Feature", "properties": { "fid": 117, "S-57": "CA2624UA", "lat_min": 52, "lat_max": 56, "lon_min": -128, "lon_max": -124, "S-101": "101CA00O520N1280W", "Region": "Coastal Waters of Southeast Alaska and British Columbia / Eaux côtières de l'Alaska du Sud-Est et de la Colombie-Britannique [Overview 44N/88W]" }, "geometry": { "type": "Polygon", "coordinates": [ [ [ -128.0, 52.0 ], [ -124.0, 52.0 ], [ -124.0, 56.0 ], [ -128.0, 56.0 ], [ -128.0, 52.0 ] ] ] } },
{ "type": "Feature", "properties": { "fid": 118, "S-57": "CA26262A", "lat_min": 52, "lat_max": 56, "lon_min": -124, "lon_max": -120, "S-101": "101CA00O520N1240W", "Region": "Continental Interior / Intérieur des terres [Overview 44N/88W]" }, "geometry": { "type": "Polygon", "coordinates": [ [ [ -124.0, 52.0 ], [ -120.0, 52.0 ], [ -120.0, 56.0 ], [ -124.0, 56.0 ], [ -124.0, 52.0 ] ] ] } },
{ "type": "Feature", "properties": { "fid": 119, "S-57": "CA26279A", "lat_min": 52, "lat_max": 56, "lon_min": -120, "lon_max": -116, "S-101": "101CA00O520N1200W", "Region": "Continental Interior / Intérieur des terres [Overview 44N/88W]" }, "geometry": { "type": "Polygon", "coordinates": [ [ [ -120.0, 52.0 ], [ -116.0, 52.0 ], [ -116.0, 56.0 ], [ -120.0, 56.0 ], [ -120.0, 52.0 ] ] ] } },
{ "type": "Feature", "properties": { "fid": 120, "S-57": "CA2628GA", "lat_min": 52, "lat_max": 56, "lon_min": -116, "lon_max": -112, "S-101": "101CA00O520N1160W", "Region": "Continental Interior / Intérieur des terres [Overview 44N/88W]" }, "geometry": { "type": "Polygon", "coordinates": [ [ [ -116.0, 52.0 ], [ -112.0, 52.0 ], [ -112.0, 56.0 ], [ -116.0, 56.0 ], [ -116.0, 52.0 ] ] ] } },
{ "type": "Feature", "properties": { "fid": 121, "S-57": "CA2629PA", "lat_min": 52, "lat_max": 56, "lon_min": -112, "lon_max": -108, "S-101": "101CA00O520N1120W", "Region": "Continental Interior / Intérieur des terres [Overview 44N/88W]" }, "geometry": { "type": "Polygon", "coordinates": [ [ [ -112.0, 52.0 ], [ -108.0, 52.0 ], [ -108.0, 56.0 ], [ -112.0, 56.0 ], [ -112.0, 52.0 ] ] ] } },
{ "type": "Feature", "properties": { "fid": 122, "S-57": "CA262AWA", "lat_min": 52, "lat_max": 56, "lon_min": -108, "lon_max": -104, "S-101": "101CA00O520N1080W", "Region": "Continental Interior / Intérieur des terres [Overview 44N/88W]" }, "geometry": { "type": "Polygon", "coordinates": [ [ [ -108.0, 52.0 ], [ -104.0, 52.0 ], [ -104.0, 56.0 ], [ -108.0, 56.0 ], [ -108.0, 52.0 ] ] ] } },
{ "type": "Feature", "properties": { "fid": 123, "S-57": "CA262C4A", "lat_min": 52, "lat_max": 56, "lon_min": -104, "lon_max": -100, "S-101": "101CA00O520N1040W", "Region": "Manitoba Great Lakes / Grands Lacs du Manitoba [Overview 44N/88W]" }, "geometry": { "type": "Polygon", "coordinates": [ [ [ -104.0, 52.0 ], [ -100.0, 52.0 ], [ -100.0, 56.0 ], [ -104.0, 56.0 ], [ -104.0, 52.0 ] ] ] } },
{ "type": "Feature", "properties": { "fid": 124, "S-57": "CA262DBA", "lat_min": 52, "lat_max": 56, "lon_min": -100, "lon_max": -96, "S-101": "101CA00O520N1000W", "Region": "Manitoba Great Lakes / Grands Lacs du Manitoba [Overview 44N/88W]" }, "geometry": { "type": "Polygon", "coordinates": [ [ [ -100.0, 52.0 ], [ -96.0, 52.0 ], [ -96.0, 56.0 ], [ -100.0, 56.0 ], [ -100.0, 52.0 ] ] ] } },
{ "type": "Feature", "properties": { "fid": 125, "S-57": "CA262EJA", "lat_min": 52, "lat_max": 56, "lon_min": -96, "lon_max": -92, "S-101": "101CA00O520N0960W", "Region": "Continental Interior / Intérieur des terres [Overview 44N/88W]" }, "geometry": { "type": "Polygon", "coordinates": [ [ [ -96.0, 52.0 ], [ -92.0, 52.0 ], [ -92.0, 56.0 ], [ -96.0, 56.0 ], [ -96.0, 52.0 ] ] ] } },
{ "type": "Feature", "properties": { "fid": 126, "S-57": "CA262FRA", "lat_min": 52, "lat_max": 56, "lon_min": -92, "lon_max": -88, "S-101": "101CA00O520N0920W", "Region": "Hudson Bay / Baie d'Hudson [Overview 44N/88W]" }, "geometry": { "type": "Polygon", "coordinates": [ [ [ -92.0, 52.0 ], [ -88.0, 52.0 ], [ -88.0, 56.0 ], [ -92.0, 56.0 ], [ -92.0, 52.0 ] ] ] } },
{ "type": "Feature", "properties": { "fid": 127, "S-57": "CA262GYA", "lat_min": 52, "lat_max": 56, "lon_min": -88, "lon_max": -84, "S-101": "101CA00O520N0880W", "Region": "Hudson Bay / Baie d'Hudson [Overview 44N/88W]" }, "geometry": { "type": "Polygon", "coordinates": [ [ [ -88.0, 52.0 ], [ -84.0, 52.0 ], [ -84.0, 56.0 ], [ -88.0, 56.0 ], [ -88.0, 52.0 ] ] ] } },
{ "type": "Feature", "properties": { "fid": 128, "S-57": "CA262J6A", "lat_min": 52, "lat_max": 56, "lon_min": -84, "lon_max": -80, "S-101": "101CA00O520N0840W", "Region": "Hudson Bay / Baie d'Hudson [Overview 44N/88W]" }, "geometry": { "type": "Polygon", "coordinates": [ [ [ -84.0, 52.0 ], [ -80.0, 52.0 ], [ -80.0, 56.0 ], [ -84.0, 56.0 ], [ -84.0, 52.0 ] ] ] } },
{ "type": "Feature", "properties": { "fid": 129, "S-57": "CA262KDA", "lat_min": 52, "lat_max": 56, "lon_min": -80, "lon_max": -76, "S-101": "101CA00O520N0800W", "Region": "Hudson Bay / Baie d'Hudson [Overview 44N/88W]" }, "geometry": { "type": "Polygon", "coordinates": [ [ [ -80.0, 52.0 ], [ -76.0, 52.0 ], [ -76.0, 56.0 ], [ -80.0, 56.0 ], [ -80.0, 52.0 ] ] ] } },
{ "type": "Feature", "properties": { "fid": 130, "S-57": "CA262LLA", "lat_min": 52, "lat_max": 56, "lon_min": -76, "lon_max": -72, "S-101": "101CA00O520N0760W", "Region": "Continental Interior / Intérieur des terres [Overview 44N/88W]" }, "geometry": { "type": "Polygon", "coordinates": [ [ [ -76.0, 52.0 ], [ -72.0, 52.0 ], [ -72.0, 56.0 ], [ -76.0, 56.0 ], [ -76.0, 52.0 ] ] ] } },
{ "type": "Feature", "properties": { "fid": 131, "S-57": "CA262MTA", "lat_min": 52, "lat_max": 56, "lon_min": -72, "lon_max": -68, "S-101": "101CA00O520N0720W", "Region": "Continental Interior / Intérieur des terres [Overview 44N/88W]" }, "geometry": { "type": "Polygon", "coordinates": [ [ [ -72.0, 52.0 ], [ -68.0, 52.0 ], [ -68.0, 56.0 ], [ -72.0, 56.0 ], [ -72.0, 52.0 ] ] ] } },
{ "type": "Feature", "properties": { "fid": 132, "S-57": "CA262P1A", "lat_min": 52, "lat_max": 56, "lon_min": -68, "lon_max": -64, "S-101": "101CA00O520N0680W", "Region": "Continental Interior / Intérieur des terres [Overview 44N/88W]" }, "geometry": { "type": "Polygon", "coordinates": [ [ [ -68.0, 52.0 ], [ -64.0, 52.0 ], [ -64.0, 56.0 ], [ -68.0, 56.0 ], [ -68.0, 52.0 ] ] ] } },
{ "type": "Feature", "properties": { "fid": 133, "S-57": "CA262Q8A", "lat_min": 52, "lat_max": 56, "lon_min": -64, "lon_max": -60, "S-101": "101CA00O520N0640W", "Region": "Labrador Sea / Mer du Labrador[Overview 44N/88W]" }, "geometry": { "type": "Polygon", "coordinates": [ [ [ -64.0, 52.0 ], [ -60.0, 52.0 ], [ -60.0, 56.0 ], [ -64.0, 56.0 ], [ -64.0, 52.0 ] ] ] } },
{ "type": "Feature", "properties": { "fid": 134, "S-57": "CA262RFA", "lat_min": 52, "lat_max": 56, "lon_min": -60, "lon_max": -56, "S-101": "101CA00O520N0600W", "Region": "Labrador Sea / Mer du Labrador[Overview 44N/88W]" }, "geometry": { "type": "Polygon", "coordinates": [ [ [ -60.0, 52.0 ], [ -56.0, 52.0 ], [ -56.0, 56.0 ], [ -60.0, 56.0 ], [ -60.0, 52.0 ] ] ] } },
{ "type": "Feature", "properties": { "fid": 135, "S-57": "CA262SNA", "lat_min": 52, "lat_max": 56, "lon_min": -56, "lon_max": -52, "S-101": "101CA00O520N0560W", "Region": "Labrador Sea / Mer du Labrador[Overview 44N/88W]" }, "geometry": { "type": "Polygon", "coordinates": [ [ [ -56.0, 52.0 ], [ -52.0, 52.0 ], [ -52.0, 56.0 ], [ -56.0, 56.0 ], [ -56.0, 52.0 ] ] ] } },
{ "type": "Feature", "properties": { "fid": 136, "S-57": "CA262TVA", "lat_min": 52, "lat_max": 56, "lon_min": -52, "lon_max": -48, "S-101": "101CA00O520N0520W", "Region": "Labrador Sea / Mer du Labrador[Overview 44N/88W]" }, "geometry": { "type": "Polygon", "coordinates": [ [ [ -52.0, 52.0 ], [ -48.0, 52.0 ], [ -48.0, 56.0 ], [ -52.0, 56.0 ], [ -52.0, 52.0 ] ] ] } },
{ "type": "Feature", "properties": { "fid": 137, "S-57": "CA262V3A", "lat_min": 52, "lat_max": 56, "lon_min": -48, "lon_max": -44, "S-101": "101CA00O520N0480W", "Region": "North Atlantic Ocean / Océan Atlantique Nord [Overview 44N/88W]" }, "geometry": { "type": "Polygon", "coordinates": [ [ [ -48.0, 52.0 ], [ -44.0, 52.0 ], [ -44.0, 56.0 ], [ -48.0, 56.0 ], [ -48.0, 52.0 ] ] ] } },
{ "type": "Feature", "properties": { "fid": 138, "S-57": "CA262WAA", "lat_min": 52, "lat_max": 56, "lon_min": -44, "lon_max": -40, "S-101": "101CA00O520N0440W", "Region": "North Atlantic Ocean / Océan Atlantique Nord [Overview 44N/88W]" }, "geometry": { "type": "Polygon", "coordinates": [ [ [ -44.0, 52.0 ], [ -40.0, 52.0 ], [ -40.0, 56.0 ], [ -44.0, 56.0 ], [ -44.0, 52.0 ] ] ] } },
{ "type": "Feature", "properties": { "fid": 139, "S-57": "CA262XHA", "lat_min": 52, "lat_max": 56, "lon_min": -40, "lon_max": -36, "S-101": "101CA00O520N0400W", "Region": "North Atlantic Ocean / Océan Atlantique Nord [Overview 44N/88W]" }, "geometry": { "type": "Polygon", "coordinates": [ [ [ -40.0, 52.0 ], [ -36.0, 52.0 ], [ -36.0, 56.0 ], [ -40.0, 56.0 ], [ -40.0, 52.0 ] ] ] } },
{ "type": "Feature", "properties": { "fid": 140, "S-57": "CA262XJA", "lat_min": 52, "lat_max": 56, "lon_min": -36, "lon_max": -32, "S-101": "101CA00O520N0360W", "Region": "North Atlantic Ocean / Océan Atlantique Nord [Overview 44N/88W]" }, "geometry": { "type": "Polygon", "coordinates": [ [ [ -36.0, 52.0 ], [ -32.0, 52.0 ], [ -32.0, 56.0 ], [ -36.0, 56.0 ], [ -36.0, 52.0 ] ] ] } },
{ "type": "Feature", "properties": { "fid": 141, "S-57": "CA27916A", "lat_min": 56, "lat_max": 60, "lon_min": -144, "lon_max": -140, "S-101": "101CA00O560N1440W", "Region": "Gulf of Alaska / Golfe d'Alaska [Overview 44N/88W]" }, "geometry": { "type": "Polygon", "coordinates": [ [ [ -144.0, 56.0 ], [ -140.0, 56.0 ], [ -140.0, 60.0 ], [ -144.0, 60.0 ], [ -144.0, 56.0 ] ] ] } },
{ "type": "Feature", "properties": { "fid": 142, "S-57": "CA27917A", "lat_min": 56, "lat_max": 60, "lon_min": -140, "lon_max": -136, "S-101": "101CA00O560N1400W", "Region": "Gulf of Alaska / Golfe d'Alaska [Overview 44N/88W]" }, "geometry": { "type": "Polygon", "coordinates": [ [ [ -140.0, 56.0 ], [ -136.0, 56.0 ], [ -136.0, 60.0 ], [ -140.0, 60.0 ], [ -140.0, 56.0 ] ] ] } },
{ "type": "Feature", "properties": { "fid": 143, "S-57": "CA2792EA", "lat_min": 56, "lat_max": 60, "lon_min": -136, "lon_max": -132, "S-101": "101CA00O560N1360W", "Region": "Coastal Waters of Southeast Alaska and British Columbia / Eaux côtières de l'Alaska du Sud-Est et de la Colombie-Britannique [Overview 44N/88W]" }, "geometry": { "type": "Polygon", "coordinates": [ [ [ -136.0, 56.0 ], [ -132.0, 56.0 ], [ -132.0, 60.0 ], [ -136.0, 60.0 ], [ -136.0, 56.0 ] ] ] } },
{ "type": "Feature", "properties": { "fid": 144, "S-57": "CA2793MA", "lat_min": 56, "lat_max": 60, "lon_min": -132, "lon_max": -128, "S-101": "101CA00O560N1320W", "Region": "Coastal Waters of Southeast Alaska and British Columbia / Eaux côtières de l'Alaska du Sud-Est et de la Colombie-Britannique [Overview 44N/88W]" }, "geometry": { "type": "Polygon", "coordinates": [ [ [ -132.0, 56.0 ], [ -128.0, 56.0 ], [ -128.0, 60.0 ], [ -132.0, 60.0 ], [ -132.0, 56.0 ] ] ] } },
{ "type": "Feature", "properties": { "fid": 145, "S-57": "CA2794UA", "lat_min": 56, "lat_max": 60, "lon_min": -128, "lon_max": -124, "S-101": "101CA00O560N1280W", "Region": "Continental Interior / Intérieur des terres [Overview 44N/88W]" }, "geometry": { "type": "Polygon", "coordinates": [ [ [ -128.0, 56.0 ], [ -124.0, 56.0 ], [ -124.0, 60.0 ], [ -128.0, 60.0 ], [ -128.0, 56.0 ] ] ] } },
{ "type": "Feature", "properties": { "fid": 146, "S-57": "CA27962A", "lat_min": 56, "lat_max": 60, "lon_min": -124, "lon_max": -120, "S-101": "101CA00O560N1240W", "Region": "Continental Interior / Intérieur des terres [Overview 44N/88W]" }, "geometry": { "type": "Polygon", "coordinates": [ [ [ -124.0, 56.0 ], [ -120.0, 56.0 ], [ -120.0, 60.0 ], [ -124.0, 60.0 ], [ -124.0, 56.0 ] ] ] } },
{ "type": "Feature", "properties": { "fid": 147, "S-57": "CA27979A", "lat_min": 56, "lat_max": 60, "lon_min": -120, "lon_max": -116, "S-101": "101CA00O560N1200W", "Region": "Continental Interior / Intérieur des terres [Overview 44N/88W]" }, "geometry": { "type": "Polygon", "coordinates": [ [ [ -120.0, 56.0 ], [ -116.0, 56.0 ], [ -116.0, 60.0 ], [ -120.0, 60.0 ], [ -120.0, 56.0 ] ] ] } },
{ "type": "Feature", "properties": { "fid": 148, "S-57": "CA2798GA", "lat_min": 56, "lat_max": 60, "lon_min": -116, "lon_max": -112, "S-101": "101CA00O560N1160W", "Region": "Continental Interior / Intérieur des terres [Overview 44N/88W]" }, "geometry": { "type": "Polygon", "coordinates": [ [ [ -116.0, 56.0 ], [ -112.0, 56.0 ], [ -112.0, 60.0 ], [ -116.0, 60.0 ], [ -116.0, 56.0 ] ] ] } },
{ "type": "Feature", "properties": { "fid": 149, "S-57": "CA2799PA", "lat_min": 56, "lat_max": 60, "lon_min": -112, "lon_max": -108, "S-101": "101CA00O560N1120W", "Region": "Athabasca Lake / Lac Athabasca [Overview 44N/88W]" }, "geometry": { "type": "Polygon", "coordinates": [ [ [ -112.0, 56.0 ], [ -108.0, 56.0 ], [ -108.0, 60.0 ], [ -112.0, 60.0 ], [ -112.0, 56.0 ] ] ] } },
{ "type": "Feature", "properties": { "fid": 150, "S-57": "CA279AWA", "lat_min": 56, "lat_max": 60, "lon_min": -108, "lon_max": -104, "S-101": "101CA00O560N1080W", "Region": "Athabasca Lake / Lac Athabasca [Overview 44N/88W]" }, "geometry": { "type": "Polygon", "coordinates": [ [ [ -108.0, 56.0 ], [ -104.0, 56.0 ], [ -104.0, 60.0 ], [ -108.0, 60.0 ], [ -108.0, 56.0 ] ] ] } },
{ "type": "Feature", "properties": { "fid": 151, "S-57": "CA279C4A", "lat_min": 56, "lat_max": 60, "lon_min": -104, "lon_max": -100, "S-101": "101CA00O560N1040W", "Region": "Reindeer Lake / Lac Reindeer [Overview 44N/88W]" }, "geometry": { "type": "Polygon", "coordinates": [ [ [ -104.0, 56.0 ], [ -100.0, 56.0 ], [ -100.0, 60.0 ], [ -104.0, 60.0 ], [ -104.0, 56.0 ] ] ] } },
{ "type": "Feature", "properties": { "fid": 152, "S-57": "CA279DBA", "lat_min": 56, "lat_max": 60, "lon_min": -100, "lon_max": -96, "S-101": "101CA00O560N1000W", "Region": "Continental Interior / Intérieur des terres [Overview 44N/88W]" }, "geometry": { "type": "Polygon", "coordinates": [ [ [ -100.0, 56.0 ], [ -96.0, 56.0 ], [ -96.0, 60.0 ], [ -100.0, 60.0 ], [ -100.0, 56.0 ] ] ] } },
{ "type": "Feature", "properties": { "fid": 153, "S-57": "CA279EJA", "lat_min": 56, "lat_max": 60, "lon_min": -96, "lon_max": -92, "S-101": "101CA00O560N0960W", "Region": "Hudson Bay / Baie d'Hudson [Overview 44N/88W]" }, "geometry": { "type": "Polygon", "coordinates": [ [ [ -96.0, 56.0 ], [ -92.0, 56.0 ], [ -92.0, 60.0 ], [ -96.0, 60.0 ], [ -96.0, 56.0 ] ] ] } },
{ "type": "Feature", "properties": { "fid": 154, "S-57": "CA279FRA", "lat_min": 56, "lat_max": 60, "lon_min": -92, "lon_max": -88, "S-101": "101CA00O560N0920W", "Region": "Hudson Bay / Baie d'Hudson [Overview 44N/88W]" }, "geometry": { "type": "Polygon", "coordinates": [ [ [ -92.0, 56.0 ], [ -88.0, 56.0 ], [ -88.0, 60.0 ], [ -92.0, 60.0 ], [ -92.0, 56.0 ] ] ] } },
{ "type": "Feature", "properties": { "fid": 155, "S-57": "CA279GYA", "lat_min": 56, "lat_max": 60, "lon_min": -88, "lon_max": -84, "S-101": "101CA00O560N0880W", "Region": "Hudson Bay / Baie d'Hudson [Overview 44N/88W]" }, "geometry": { "type": "Polygon", "coordinates": [ [ [ -88.0, 56.0 ], [ -84.0, 56.0 ], [ -84.0, 60.0 ], [ -88.0, 60.0 ], [ -88.0, 56.0 ] ] ] } },
{ "type": "Feature", "properties": { "fid": 156, "S-57": "CA279J6A", "lat_min": 56, "lat_max": 60, "lon_min": -84, "lon_max": -80, "S-101": "101CA00O560N0840W", "Region": "Hudson Bay / Baie d'Hudson [Overview 44N/88W]" }, "geometry": { "type": "Polygon", "coordinates": [ [ [ -84.0, 56.0 ], [ -80.0, 56.0 ], [ -80.0, 60.0 ], [ -84.0, 60.0 ], [ -84.0, 56.0 ] ] ] } },
{ "type": "Feature", "properties": { "fid": 157, "S-57": "CA279KDA", "lat_min": 56, "lat_max": 60, "lon_min": -80, "lon_max": -76, "S-101": "101CA00O560N0800W", "Region": "Hudson Bay / Baie d'Hudson [Overview 44N/88W]" }, "geometry": { "type": "Polygon", "coordinates": [ [ [ -80.0, 56.0 ], [ -76.0, 56.0 ], [ -76.0, 60.0 ], [ -80.0, 60.0 ], [ -80.0, 56.0 ] ] ] } },
{ "type": "Feature", "properties": { "fid": 158, "S-57": "CA279LLA", "lat_min": 56, "lat_max": 60, "lon_min": -76, "lon_max": -72, "S-101": "101CA00O560N0760W", "Region": "Continental Interior / Intérieur des terres [Overview 44N/88W]" }, "geometry": { "type": "Polygon", "coordinates": [ [ [ -76.0, 56.0 ], [ -72.0, 56.0 ], [ -72.0, 60.0 ], [ -76.0, 60.0 ], [ -76.0, 56.0 ] ] ] } },
{ "type": "Feature", "properties": { "fid": 159, "S-57": "CA279MTA", "lat_min": 56, "lat_max": 60, "lon_min": -72, "lon_max": -68, "S-101": "101CA00O560N0720W", "Region": "Hudson Strait / Détroit d'Hudson [Overview 44N/88W]" }, "geometry": { "type": "Polygon", "coordinates": [ [ [ -72.0, 56.0 ], [ -68.0, 56.0 ], [ -68.0, 60.0 ], [ -72.0, 60.0 ], [ -72.0, 56.0 ] ] ] } },
{ "type": "Feature", "properties": { "fid": 160, "S-57": "CA279P1A", "lat_min": 56, "lat_max": 60, "lon_min": -68, "lon_max": -64, "S-101": "101CA00O560N0680W", "Region": "Hudson Strait / Détroit d'Hudson [Overview 44N/88W]" }, "geometry": { "type": "Polygon", "coordinates": [ [ [ -68.0, 56.0 ], [ -64.0, 56.0 ], [ -64.0, 60.0 ], [ -68.0, 60.0 ], [ -68.0, 56.0 ] ] ] } },
{ "type": "Feature", "properties": { "fid": 161, "S-57": "CA279Q8A", "lat_min": 56, "lat_max": 60, "lon_min": -64, "lon_max": -60, "S-101": "101CA00O560N0640W", "Region": "Labrador Sea / Mer du Labrador[Overview 44N/88W]" }, "geometry": { "type": "Polygon", "coordinates": [ [ [ -64.0, 56.0 ], [ -60.0, 56.0 ], [ -60.0, 60.0 ], [ -64.0, 60.0 ], [ -64.0, 56.0 ] ] ] } },
{ "type": "Feature", "properties": { "fid": 162, "S-57": "CA279RFA", "lat_min": 56, "lat_max": 60, "lon_min": -60, "lon_max": -56, "S-101": "101CA00O560N0600W", "Region": "Labrador Sea / Mer du Labrador[Overview 44N/88W]" }, "geometry": { "type": "Polygon", "coordinates": [ [ [ -60.0, 56.0 ], [ -56.0, 56.0 ], [ -56.0, 60.0 ], [ -60.0, 60.0 ], [ -60.0, 56.0 ] ] ] } },
{ "type": "Feature", "properties": { "fid": 163, "S-57": "CA279SNA", "lat_min": 56, "lat_max": 60, "lon_min": -56, "lon_max": -52, "S-101": "101CA00O560N0560W", "Region": "Labrador Sea / Mer du Labrador[Overview 44N/88W]" }, "geometry": { "type": "Polygon", "coordinates": [ [ [ -56.0, 56.0 ], [ -52.0, 56.0 ], [ -52.0, 60.0 ], [ -56.0, 60.0 ], [ -56.0, 56.0 ] ] ] } },
{ "type": "Feature", "properties": { "fid": 164, "S-57": "CA279TVA", "lat_min": 56, "lat_max": 60, "lon_min": -52, "lon_max": -48, "S-101": "101CA00O560N0520W", "Region": "Labrador Sea / Mer du Labrador[Overview 44N/88W]" }, "geometry": { "type": "Polygon", "coordinates": [ [ [ -52.0, 56.0 ], [ -48.0, 56.0 ], [ -48.0, 60.0 ], [ -52.0, 60.0 ], [ -52.0, 56.0 ] ] ] } },
{ "type": "Feature", "properties": { "fid": 165, "S-57": "CA279V3A", "lat_min": 56, "lat_max": 60, "lon_min": -48, "lon_max": -44, "S-101": "101CA00O560N0480W", "Region": "Labrador Sea / Mer du Labrador[Overview 44N/88W]" }, "geometry": { "type": "Polygon", "coordinates": [ [ [ -48.0, 56.0 ], [ -44.0, 56.0 ], [ -44.0, 60.0 ], [ -48.0, 60.0 ], [ -48.0, 56.0 ] ] ] } },
{ "type": "Feature", "properties": { "fid": 166, "S-57": "CA279WAA", "lat_min": 56, "lat_max": 60, "lon_min": -44, "lon_max": -40, "S-101": "101CA00O560N0440W", "Region": "North Atlantic Ocean / Océan Atlantique Nord [Overview 44N/88W]" }, "geometry": { "type": "Polygon", "coordinates": [ [ [ -44.0, 56.0 ], [ -40.0, 56.0 ], [ -40.0, 60.0 ], [ -44.0, 60.0 ], [ -44.0, 56.0 ] ] ] } },
{ "type": "Feature", "properties": { "fid": 167, "S-57": "CA279XHA", "lat_min": 56, "lat_max": 60, "lon_min": -40, "lon_max": -36, "S-101": "101CA00O560N0400W", "Region": "North Atlantic Ocean / Océan Atlantique Nord [Overview 44N/88W]" }, "geometry": { "type": "Polygon", "coordinates": [ [ [ -40.0, 56.0 ], [ -36.0, 56.0 ], [ -36.0, 60.0 ], [ -40.0, 60.0 ], [ -40.0, 56.0 ] ] ] } },
{ "type": "Feature", "properties": { "fid": 168, "S-57": "CA279XJA", "lat_min": 56, "lat_max": 60, "lon_min": -36, "lon_max": -32, "S-101": "101CA00O560N0360W", "Region": "North Atlantic Ocean / Océan Atlantique Nord [Overview 44N/88W]" }, "geometry": { "type": "Polygon", "coordinates": [ [ [ -36.0, 56.0 ], [ -32.0, 56.0 ], [ -32.0, 60.0 ], [ -36.0, 60.0 ], [ -36.0, 56.0 ] ] ] } },
{ "type": "Feature", "properties": { "fid": 169, "S-57": "CA28G16A", "lat_min": 60, "lat_max": 64, "lon_min": -144, "lon_max": -140, "S-101": "101CA00O600N1440W", "Region": "Gulf of Alaska / Golfe d'Alaska [Overview 44N/88W]" }, "geometry": { "type": "Polygon", "coordinates": [ [ [ -144.0, 60.0 ], [ -140.0, 60.0 ], [ -140.0, 64.0 ], [ -144.0, 64.0 ], [ -144.0, 60.0 ] ] ] } },
{ "type": "Feature", "properties": { "fid": 170, "S-57": "CA28G17A", "lat_min": 60, "lat_max": 64, "lon_min": -140, "lon_max": -136, "S-101": "101CA00O600N1400W", "Region": "Gulf of Alaska / Golfe d'Alaska [Overview 44N/88W]" }, "geometry": { "type": "Polygon", "coordinates": [ [ [ -140.0, 60.0 ], [ -136.0, 60.0 ], [ -136.0, 64.0 ], [ -140.0, 64.0 ], [ -140.0, 60.0 ] ] ] } },
{ "type": "Feature", "properties": { "fid": 171, "S-57": "CA28G2EA", "lat_min": 60, "lat_max": 64, "lon_min": -136, "lon_max": -132, "S-101": "101CA00O600N1360W", "Region": "Continental Interior / Intérieur des terres [Overview 44N/88W]" }, "geometry": { "type": "Polygon", "coordinates": [ [ [ -136.0, 60.0 ], [ -132.0, 60.0 ], [ -132.0, 64.0 ], [ -136.0, 64.0 ], [ -136.0, 60.0 ] ] ] } },
{ "type": "Feature", "properties": { "fid": 172, "S-57": "CA28G3MA", "lat_min": 60, "lat_max": 64, "lon_min": -132, "lon_max": -128, "S-101": "101CA00O600N1320W", "Region": "Continental Interior / Intérieur des terres [Overview 44N/88W]" }, "geometry": { "type": "Polygon", "coordinates": [ [ [ -132.0, 60.0 ], [ -128.0, 60.0 ], [ -128.0, 64.0 ], [ -132.0, 64.0 ], [ -132.0, 60.0 ] ] ] } },
{ "type": "Feature", "properties": { "fid": 173, "S-57": "CA28G4UA", "lat_min": 60, "lat_max": 64, "lon_min": -128, "lon_max": -124, "S-101": "101CA00O600N1280W", "Region": "Continental Interior / Intérieur des terres [Overview 44N/88W]" }, "geometry": { "type": "Polygon", "coordinates": [ [ [ -128.0, 60.0 ], [ -124.0, 60.0 ], [ -124.0, 64.0 ], [ -128.0, 64.0 ], [ -128.0, 60.0 ] ] ] } },
{ "type": "Feature", "properties": { "fid": 174, "S-57": "CA28G62A", "lat_min": 60, "lat_max": 64, "lon_min": -124, "lon_max": -120, "S-101": "101CA00O600N1240W", "Region": "Continental Interior / Intérieur des terres [Overview 44N/88W]" }, "geometry": { "type": "Polygon", "coordinates": [ [ [ -124.0, 60.0 ], [ -120.0, 60.0 ], [ -120.0, 64.0 ], [ -124.0, 64.0 ], [ -124.0, 60.0 ] ] ] } },
{ "type": "Feature", "properties": { "fid": 175, "S-57": "CA28G79A", "lat_min": 60, "lat_max": 64, "lon_min": -120, "lon_max": -116, "S-101": "101CA00O600N1200W", "Region": "Great Slave Lake / Grand lac des Esclaves [Overview 44N/88W]" }, "geometry": { "type": "Polygon", "coordinates": [ [ [ -120.0, 60.0 ], [ -116.0, 60.0 ], [ -116.0, 64.0 ], [ -120.0, 64.0 ], [ -120.0, 60.0 ] ] ] } },
{ "type": "Feature", "properties": { "fid": 176, "S-57": "CA28G8GA", "lat_min": 60, "lat_max": 64, "lon_min": -116, "lon_max": -112, "S-101": "101CA00O600N1160W", "Region": "Great Slave Lake / Grand lac des Esclaves [Overview 44N/88W]" }, "geometry": { "type": "Polygon", "coordinates": [ [ [ -116.0, 60.0 ], [ -112.0, 60.0 ], [ -112.0, 64.0 ], [ -116.0, 64.0 ], [ -116.0, 60.0 ] ] ] } },
{ "type": "Feature", "properties": { "fid": 177, "S-57": "CA28G9PA", "lat_min": 60, "lat_max": 64, "lon_min": -112, "lon_max": -108, "S-101": "101CA00O600N1120W", "Region": "Great Slave Lake / Grand lac des Esclaves [Overview 44N/88W]" }, "geometry": { "type": "Polygon", "coordinates": [ [ [ -112.0, 60.0 ], [ -108.0, 60.0 ], [ -108.0, 64.0 ], [ -112.0, 64.0 ], [ -112.0, 60.0 ] ] ] } },
{ "type": "Feature", "properties": { "fid": 178, "S-57": "CA28GAWA", "lat_min": 60, "lat_max": 64, "lon_min": -108, "lon_max": -104, "S-101": "101CA00O600N1080W", "Region": "Continental Interior / Intérieur des terres [Overview 44N/88W]" }, "geometry": { "type": "Polygon", "coordinates": [ [ [ -108.0, 60.0 ], [ -104.0, 60.0 ], [ -104.0, 64.0 ], [ -108.0, 64.0 ], [ -108.0, 60.0 ] ] ] } },
{ "type": "Feature", "properties": { "fid": 179, "S-57": "CA28GC4A", "lat_min": 60, "lat_max": 64, "lon_min": -104, "lon_max": -100, "S-101": "101CA00O600N1040W", "Region": "Continental Interior / Intérieur des terres [Overview 44N/88W]" }, "geometry": { "type": "Polygon", "coordinates": [ [ [ -104.0, 60.0 ], [ -100.0, 60.0 ], [ -100.0, 64.0 ], [ -104.0, 64.0 ], [ -104.0, 60.0 ] ] ] } },
{ "type": "Feature", "properties": { "fid": 180, "S-57": "CA28GDBA", "lat_min": 60, "lat_max": 64, "lon_min": -100, "lon_max": -96, "S-101": "101CA00O600N1000W", "Region": "Continental Interior / Intérieur des terres [Overview 44N/88W]" }, "geometry": { "type": "Polygon", "coordinates": [ [ [ -100.0, 60.0 ], [ -96.0, 60.0 ], [ -96.0, 64.0 ], [ -100.0, 64.0 ], [ -100.0, 60.0 ] ] ] } },
{ "type": "Feature", "properties": { "fid": 181, "S-57": "CA28GEJA", "lat_min": 60, "lat_max": 64, "lon_min": -96, "lon_max": -92, "S-101": "101CA00O600N0960W", "Region": "Hudson Bay / Baie d'Hudson [Overview 44N/88W]" }, "geometry": { "type": "Polygon", "coordinates": [ [ [ -96.0, 60.0 ], [ -92.0, 60.0 ], [ -92.0, 64.0 ], [ -96.0, 64.0 ], [ -96.0, 60.0 ] ] ] } },
{ "type": "Feature", "properties": { "fid": 182, "S-57": "CA28GFRA", "lat_min": 60, "lat_max": 64, "lon_min": -92, "lon_max": -88, "S-101": "101CA00O600N0920W", "Region": "Hudson Bay / Baie d'Hudson [Overview 44N/88W]" }, "geometry": { "type": "Polygon", "coordinates": [ [ [ -92.0, 60.0 ], [ -88.0, 60.0 ], [ -88.0, 64.0 ], [ -92.0, 64.0 ], [ -92.0, 60.0 ] ] ] } },
{ "type": "Feature", "properties": { "fid": 183, "S-57": "CA28GGYA", "lat_min": 60, "lat_max": 64, "lon_min": -88, "lon_max": -84, "S-101": "101CA00O600N0880W", "Region": "Hudson Bay / Baie d'Hudson [Overview 44N/88W]" }, "geometry": { "type": "Polygon", "coordinates": [ [ [ -88.0, 60.0 ], [ -84.0, 60.0 ], [ -84.0, 64.0 ], [ -88.0, 64.0 ], [ -88.0, 60.0 ] ] ] } },
{ "type": "Feature", "properties": { "fid": 184, "S-57": "CA28GJ6A", "lat_min": 60, "lat_max": 64, "lon_min": -84, "lon_max": -80, "S-101": "101CA00O600N0840W", "Region": "Hudson Bay / Baie d'Hudson [Overview 44N/88W]" }, "geometry": { "type": "Polygon", "coordinates": [ [ [ -84.0, 60.0 ], [ -80.0, 60.0 ], [ -80.0, 64.0 ], [ -84.0, 64.0 ], [ -84.0, 60.0 ] ] ] } },
{ "type": "Feature", "properties": { "fid": 185, "S-57": "CA28GKDA", "lat_min": 60, "lat_max": 64, "lon_min": -80, "lon_max": -76, "S-101": "101CA00O600N0800W", "Region": "Hudson Bay / Baie d'Hudson [Overview 44N/88W]" }, "geometry": { "type": "Polygon", "coordinates": [ [ [ -80.0, 60.0 ], [ -76.0, 60.0 ], [ -76.0, 64.0 ], [ -80.0, 64.0 ], [ -80.0, 60.0 ] ] ] } },
{ "type": "Feature", "properties": { "fid": 186, "S-57": "CA28GLLA", "lat_min": 60, "lat_max": 64, "lon_min": -76, "lon_max": -72, "S-101": "101CA00O600N0760W", "Region": "Hudson Strait / Détroit d'Hudson [Overview 44N/88W]" }, "geometry": { "type": "Polygon", "coordinates": [ [ [ -76.0, 60.0 ], [ -72.0, 60.0 ], [ -72.0, 64.0 ], [ -76.0, 64.0 ], [ -76.0, 60.0 ] ] ] } },
{ "type": "Feature", "properties": { "fid": 187, "S-57": "CA28GMTA", "lat_min": 60, "lat_max": 64, "lon_min": -72, "lon_max": -68, "S-101": "101CA00O600N0720W", "Region": "Hudson Strait / Détroit d'Hudson [Overview 44N/88W]" }, "geometry": { "type": "Polygon", "coordinates": [ [ [ -72.0, 60.0 ], [ -68.0, 60.0 ], [ -68.0, 64.0 ], [ -72.0, 64.0 ], [ -72.0, 60.0 ] ] ] } },
{ "type": "Feature", "properties": { "fid": 188, "S-57": "CA28GP1A", "lat_min": 60, "lat_max": 64, "lon_min": -68, "lon_max": -64, "S-101": "101CA00O600N0680W", "Region": "Hudson Strait / Détroit d'Hudson [Overview 44N/88W]" }, "geometry": { "type": "Polygon", "coordinates": [ [ [ -68.0, 60.0 ], [ -64.0, 60.0 ], [ -64.0, 64.0 ], [ -68.0, 64.0 ], [ -68.0, 60.0 ] ] ] } },
{ "type": "Feature", "properties": { "fid": 189, "S-57": "CA28GQ8A", "lat_min": 60, "lat_max": 64, "lon_min": -64, "lon_max": -60, "S-101": "101CA00O600N0640W", "Region": "Davis Strait / Détroit de Davis [Overview 44N/88W]" }, "geometry": { "type": "Polygon", "coordinates": [ [ [ -64.0, 60.0 ], [ -60.0, 60.0 ], [ -60.0, 64.0 ], [ -64.0, 64.0 ], [ -64.0, 60.0 ] ] ] } },
{ "type": "Feature", "properties": { "fid": 190, "S-57": "CA28GRFA", "lat_min": 60, "lat_max": 64, "lon_min": -60, "lon_max": -56, "S-101": "101CA00O600N0600W", "Region": "Davis Strait / Détroit de Davis [Overview 44N/88W]" }, "geometry": { "type": "Polygon", "coordinates": [ [ [ -60.0, 60.0 ], [ -56.0, 60.0 ], [ -56.0, 64.0 ], [ -60.0, 64.0 ], [ -60.0, 60.0 ] ] ] } },
{ "type": "Feature", "properties": { "fid": 191, "S-57": "CA28GSNA", "lat_min": 60, "lat_max": 64, "lon_min": -56, "lon_max": -52, "S-101": "101CA00O600N0560W", "Region": "Davis Strait / Détroit de Davis [Overview 44N/88W]" }, "geometry": { "type": "Polygon", "coordinates": [ [ [ -56.0, 60.0 ], [ -52.0, 60.0 ], [ -52.0, 64.0 ], [ -56.0, 64.0 ], [ -56.0, 60.0 ] ] ] } },
{ "type": "Feature", "properties": { "fid": 192, "S-57": "CA28GTVA", "lat_min": 60, "lat_max": 64, "lon_min": -52, "lon_max": -48, "S-101": "101CA00O600N0520W", "Region": "Davis Strait / Détroit de Davis [Overview 44N/88W]" }, "geometry": { "type": "Polygon", "coordinates": [ [ [ -52.0, 60.0 ], [ -48.0, 60.0 ], [ -48.0, 64.0 ], [ -52.0, 64.0 ], [ -52.0, 60.0 ] ] ] } },
{ "type": "Feature", "properties": { "fid": 193, "S-57": "CA28GV3A", "lat_min": 60, "lat_max": 64, "lon_min": -48, "lon_max": -44, "S-101": "101CA00O600N0480W", "Region": "Davis Strait / Détroit de Davis [Overview 44N/88W]" }, "geometry": { "type": "Polygon", "coordinates": [ [ [ -48.0, 60.0 ], [ -44.0, 60.0 ], [ -44.0, 64.0 ], [ -48.0, 64.0 ], [ -48.0, 60.0 ] ] ] } },
{ "type": "Feature", "properties": { "fid": 194, "S-57": "CA28GWAA", "lat_min": 60, "lat_max": 64, "lon_min": -44, "lon_max": -40, "S-101": "101CA00O600N0440W", "Region": "North Atlantic Ocean / Océan Atlantique Nord [Overview 44N/88W]" }, "geometry": { "type": "Polygon", "coordinates": [ [ [ -44.0, 60.0 ], [ -40.0, 60.0 ], [ -40.0, 64.0 ], [ -44.0, 64.0 ], [ -44.0, 60.0 ] ] ] } },
{ "type": "Feature", "properties": { "fid": 195, "S-57": "CA28GXHA", "lat_min": 60, "lat_max": 64, "lon_min": -40, "lon_max": -36, "S-101": "101CA00O600N0400W", "Region": "North Atlantic Ocean / Océan Atlantique Nord [Overview 44N/88W]" }, "geometry": { "type": "Polygon", "coordinates": [ [ [ -40.0, 60.0 ], [ -36.0, 60.0 ], [ -36.0, 64.0 ], [ -40.0, 64.0 ], [ -40.0, 60.0 ] ] ] } },
{ "type": "Feature", "properties": { "fid": 196, "S-57": "CA28GXJA", "lat_min": 60, "lat_max": 64, "lon_min": -36, "lon_max": -32, "S-101": "101CA00O600N0360W", "Region": "North Atlantic Ocean / Océan Atlantique Nord [Overview 44N/88W]" }, "geometry": { "type": "Polygon", "coordinates": [ [ [ -36.0, 60.0 ], [ -32.0, 60.0 ], [ -32.0, 64.0 ], [ -36.0, 64.0 ], [ -36.0, 60.0 ] ] ] } },
{ "type": "Feature", "properties": { "fid": 197, "S-57": "CA29P16A", "lat_min": 64, "lat_max": 68, "lon_min": -144, "lon_max": -140, "S-101": "101CA00O640N1440W", "Region": "Continental Interior / Intérieur des terres [Overview 44N/88W]" }, "geometry": { "type": "Polygon", "coordinates": [ [ [ -144.0, 64.0 ], [ -140.0, 64.0 ], [ -140.0, 68.0 ], [ -144.0, 68.0 ], [ -144.0, 64.0 ] ] ] } },
{ "type": "Feature", "properties": { "fid": 198, "S-57": "CA29P17A", "lat_min": 64, "lat_max": 68, "lon_min": -140, "lon_max": -136, "S-101": "101CA00O640N1400W", "Region": "Continental Interior / Intérieur des terres [Overview 44N/88W]" }, "geometry": { "type": "Polygon", "coordinates": [ [ [ -140.0, 64.0 ], [ -136.0, 64.0 ], [ -136.0, 68.0 ], [ -140.0, 68.0 ], [ -140.0, 64.0 ] ] ] } },
{ "type": "Feature", "properties": { "fid": 199, "S-57": "CA29P2EA", "lat_min": 64, "lat_max": 68, "lon_min": -136, "lon_max": -132, "S-101": "101CA00O640N1360W", "Region": "Continental Interior / Intérieur des terres [Overview 44N/88W]" }, "geometry": { "type": "Polygon", "coordinates": [ [ [ -136.0, 64.0 ], [ -132.0, 64.0 ], [ -132.0, 68.0 ], [ -136.0, 68.0 ], [ -136.0, 64.0 ] ] ] } },
{ "type": "Feature", "properties": { "fid": 200, "S-57": "CA29P3MA", "lat_min": 64, "lat_max": 68, "lon_min": -132, "lon_max": -128, "S-101": "101CA00O640N1320W", "Region": "Continental Interior / Intérieur des terres [Overview 44N/88W]" }, "geometry": { "type": "Polygon", "coordinates": [ [ [ -132.0, 64.0 ], [ -128.0, 64.0 ], [ -128.0, 68.0 ], [ -132.0, 68.0 ], [ -132.0, 64.0 ] ] ] } },
{ "type": "Feature", "properties": { "fid": 201, "S-57": "CA29P4UA", "lat_min": 64, "lat_max": 68, "lon_min": -128, "lon_max": -124, "S-101": "101CA00O640N1280W", "Region": "Great Bear Lake / Grand lac de l'Ours [Overview 44N/88W]" }, "geometry": { "type": "Polygon", "coordinates": [ [ [ -128.0, 64.0 ], [ -124.0, 64.0 ], [ -124.0, 68.0 ], [ -128.0, 68.0 ], [ -128.0, 64.0 ] ] ] } },
{ "type": "Feature", "properties": { "fid": 202, "S-57": "CA29P62A", "lat_min": 64, "lat_max": 68, "lon_min": -124, "lon_max": -120, "S-101": "101CA00O640N1240W", "Region": "Great Bear Lake / Grand lac de l'Ours [Overview 44N/88W]" }, "geometry": { "type": "Polygon", "coordinates": [ [ [ -124.0, 64.0 ], [ -120.0, 64.0 ], [ -120.0, 68.0 ], [ -124.0, 68.0 ], [ -124.0, 64.0 ] ] ] } },
{ "type": "Feature", "properties": { "fid": 203, "S-57": "CA29P79A", "lat_min": 64, "lat_max": 68, "lon_min": -120, "lon_max": -116, "S-101": "101CA00O640N1200W", "Region": "Great Bear Lake / Grand lac de l'Ours [Overview 44N/88W]" }, "geometry": { "type": "Polygon", "coordinates": [ [ [ -120.0, 64.0 ], [ -116.0, 64.0 ], [ -116.0, 68.0 ], [ -120.0, 68.0 ], [ -120.0, 64.0 ] ] ] } },
{ "type": "Feature", "properties": { "fid": 204, "S-57": "CA29P8GA", "lat_min": 64, "lat_max": 68, "lon_min": -116, "lon_max": -112, "S-101": "101CA00O640N1160W", "Region": "Northwest Passage / Passage du Nord-Ouest [Overview 44N/88W]" }, "geometry": { "type": "Polygon", "coordinates": [ [ [ -116.0, 64.0 ], [ -112.0, 64.0 ], [ -112.0, 68.0 ], [ -116.0, 68.0 ], [ -116.0, 64.0 ] ] ] } },
{ "type": "Feature", "properties": { "fid": 205, "S-57": "CA29P9PA", "lat_min": 64, "lat_max": 68, "lon_min": -112, "lon_max": -108, "S-101": "101CA00O640N1120W", "Region": "Northwest Passage / Passage du Nord-Ouest [Overview 44N/88W]" }, "geometry": { "type": "Polygon", "coordinates": [ [ [ -112.0, 64.0 ], [ -108.0, 64.0 ], [ -108.0, 68.0 ], [ -112.0, 68.0 ], [ -112.0, 64.0 ] ] ] } },
{ "type": "Feature", "properties": { "fid": 206, "S-57": "CA29PAWA", "lat_min": 64, "lat_max": 68, "lon_min": -108, "lon_max": -104, "S-101": "101CA00O640N1080W", "Region": "Northwest Passage / Passage du Nord-Ouest [Overview 44N/88W]" }, "geometry": { "type": "Polygon", "coordinates": [ [ [ -108.0, 64.0 ], [ -104.0, 64.0 ], [ -104.0, 68.0 ], [ -108.0, 68.0 ], [ -108.0, 64.0 ] ] ] } },
{ "type": "Feature", "properties": { "fid": 207, "S-57": "CA29PC4A", "lat_min": 64, "lat_max": 68, "lon_min": -104, "lon_max": -100, "S-101": "101CA00O640N1040W", "Region": "Northwest Passage / Passage du Nord-Ouest [Overview 44N/88W]" }, "geometry": { "type": "Polygon", "coordinates": [ [ [ -104.0, 64.0 ], [ -100.0, 64.0 ], [ -100.0, 68.0 ], [ -104.0, 68.0 ], [ -104.0, 64.0 ] ] ] } },
{ "type": "Feature", "properties": { "fid": 208, "S-57": "CA29PDBA", "lat_min": 64, "lat_max": 68, "lon_min": -100, "lon_max": -96, "S-101": "101CA00O640N1000W", "Region": "Northwest Passage / Passage du Nord-Ouest [Overview 44N/88W]" }, "geometry": { "type": "Polygon", "coordinates": [ [ [ -100.0, 64.0 ], [ -96.0, 64.0 ], [ -96.0, 68.0 ], [ -100.0, 68.0 ], [ -100.0, 64.0 ] ] ] } },
{ "type": "Feature", "properties": { "fid": 209, "S-57": "CA29PEJA", "lat_min": 64, "lat_max": 68, "lon_min": -96, "lon_max": -92, "S-101": "101CA00O640N0960W", "Region": "Northwest Passage / Passage du Nord-Ouest [Overview 44N/88W]" }, "geometry": { "type": "Polygon", "coordinates": [ [ [ -96.0, 64.0 ], [ -92.0, 64.0 ], [ -92.0, 68.0 ], [ -96.0, 68.0 ], [ -96.0, 64.0 ] ] ] } },
{ "type": "Feature", "properties": { "fid": 210, "S-57": "CA29PFRA", "lat_min": 64, "lat_max": 68, "lon_min": -92, "lon_max": -88, "S-101": "101CA00O640N0920W", "Region": "Hudson Bay / Baie d'Hudson [Overview 44N/88W]" }, "geometry": { "type": "Polygon", "coordinates": [ [ [ -92.0, 64.0 ], [ -88.0, 64.0 ], [ -88.0, 68.0 ], [ -92.0, 68.0 ], [ -92.0, 64.0 ] ] ] } },
{ "type": "Feature", "properties": { "fid": 211, "S-57": "CA29PGYA", "lat_min": 64, "lat_max": 68, "lon_min": -88, "lon_max": -84, "S-101": "101CA00O640N0880W", "Region": "Hudson Bay / Baie d'Hudson [Overview 44N/88W]" }, "geometry": { "type": "Polygon", "coordinates": [ [ [ -88.0, 64.0 ], [ -84.0, 64.0 ], [ -84.0, 68.0 ], [ -88.0, 68.0 ], [ -88.0, 64.0 ] ] ] } },
{ "type": "Feature", "properties": { "fid": 212, "S-57": "CA29PJ6A", "lat_min": 64, "lat_max": 68, "lon_min": -84, "lon_max": -80, "S-101": "101CA00O640N0840W", "Region": "Northwest Passage / Passage du Nord-Ouest [Overview 44N/88W]" }, "geometry": { "type": "Polygon", "coordinates": [ [ [ -84.0, 64.0 ], [ -80.0, 64.0 ], [ -80.0, 68.0 ], [ -84.0, 68.0 ], [ -84.0, 64.0 ] ] ] } },
{ "type": "Feature", "properties": { "fid": 213, "S-57": "CA29PKDA", "lat_min": 64, "lat_max": 68, "lon_min": -80, "lon_max": -76, "S-101": "101CA00O640N0800W", "Region": "Northwest Passage / Passage du Nord-Ouest [Overview 44N/88W]" }, "geometry": { "type": "Polygon", "coordinates": [ [ [ -80.0, 64.0 ], [ -76.0, 64.0 ], [ -76.0, 68.0 ], [ -80.0, 68.0 ], [ -80.0, 64.0 ] ] ] } },
{ "type": "Feature", "properties": { "fid": 214, "S-57": "CA29PLLA", "lat_min": 64, "lat_max": 68, "lon_min": -76, "lon_max": -72, "S-101": "101CA00O640N0760W", "Region": "Northwest Passage / Passage du Nord-Ouest [Overview 44N/88W]" }, "geometry": { "type": "Polygon", "coordinates": [ [ [ -76.0, 64.0 ], [ -72.0, 64.0 ], [ -72.0, 68.0 ], [ -76.0, 68.0 ], [ -76.0, 64.0 ] ] ] } },
{ "type": "Feature", "properties": { "fid": 215, "S-57": "CA29PMTA", "lat_min": 64, "lat_max": 68, "lon_min": -72, "lon_max": -68, "S-101": "101CA00O640N0720W", "Region": "Davis Strait / Détroit de Davis [Overview 44N/88W]" }, "geometry": { "type": "Polygon", "coordinates": [ [ [ -72.0, 64.0 ], [ -68.0, 64.0 ], [ -68.0, 68.0 ], [ -72.0, 68.0 ], [ -72.0, 64.0 ] ] ] } },
{ "type": "Feature", "properties": { "fid": 216, "S-57": "CA29PP1A", "lat_min": 64, "lat_max": 68, "lon_min": -68, "lon_max": -64, "S-101": "101CA00O640N0680W", "Region": "Davis Strait / Détroit de Davis [Overview 44N/88W]" }, "geometry": { "type": "Polygon", "coordinates": [ [ [ -68.0, 64.0 ], [ -64.0, 64.0 ], [ -64.0, 68.0 ], [ -68.0, 68.0 ], [ -68.0, 64.0 ] ] ] } },
{ "type": "Feature", "properties": { "fid": 217, "S-57": "CA29PQ8A", "lat_min": 64, "lat_max": 68, "lon_min": -64, "lon_max": -60, "S-101": "101CA00O640N0640W", "Region": "Davis Strait / Détroit de Davis [Overview 44N/88W]" }, "geometry": { "type": "Polygon", "coordinates": [ [ [ -64.0, 64.0 ], [ -60.0, 64.0 ], [ -60.0, 68.0 ], [ -64.0, 68.0 ], [ -64.0, 64.0 ] ] ] } },
{ "type": "Feature", "properties": { "fid": 218, "S-57": "CA29PRFA", "lat_min": 64, "lat_max": 68, "lon_min": -60, "lon_max": -56, "S-101": "101CA00O640N0600W", "Region": "Davis Strait / Détroit de Davis [Overview 44N/88W]" }, "geometry": { "type": "Polygon", "coordinates": [ [ [ -60.0, 64.0 ], [ -56.0, 64.0 ], [ -56.0, 68.0 ], [ -60.0, 68.0 ], [ -60.0, 64.0 ] ] ] } },
{ "type": "Feature", "properties": { "fid": 219, "S-57": "CA29PSNA", "lat_min": 64, "lat_max": 68, "lon_min": -56, "lon_max": -52, "S-101": "101CA00O640N0560W", "Region": "Davis Strait / Détroit de Davis [Overview 44N/88W]" }, "geometry": { "type": "Polygon", "coordinates": [ [ [ -56.0, 64.0 ], [ -52.0, 64.0 ], [ -52.0, 68.0 ], [ -56.0, 68.0 ], [ -56.0, 64.0 ] ] ] } },
{ "type": "Feature", "properties": { "fid": 220, "S-57": "CA29PTVA", "lat_min": 64, "lat_max": 68, "lon_min": -52, "lon_max": -48, "S-101": "101CA00O640N0520W", "Region": "Davis Strait / Détroit de Davis [Overview 44N/88W]" }, "geometry": { "type": "Polygon", "coordinates": [ [ [ -52.0, 64.0 ], [ -48.0, 64.0 ], [ -48.0, 68.0 ], [ -52.0, 68.0 ], [ -52.0, 64.0 ] ] ] } },
{ "type": "Feature", "properties": { "fid": 221, "S-57": "CA29PV3A", "lat_min": 64, "lat_max": 68, "lon_min": -48, "lon_max": -44, "S-101": "101CA00O640N0480W", "Region": "Continental Interior / Intérieur des terres [Overview 44N/88W]" }, "geometry": { "type": "Polygon", "coordinates": [ [ [ -48.0, 64.0 ], [ -44.0, 64.0 ], [ -44.0, 68.0 ], [ -48.0, 68.0 ], [ -48.0, 64.0 ] ] ] } },
{ "type": "Feature", "properties": { "fid": 222, "S-57": "CA29PWAA", "lat_min": 64, "lat_max": 68, "lon_min": -44, "lon_max": -40, "S-101": "101CA00O640N0440W", "Region": "North Atlantic Ocean / Océan Atlantique Nord [Overview 44N/88W]" }, "geometry": { "type": "Polygon", "coordinates": [ [ [ -44.0, 64.0 ], [ -40.0, 64.0 ], [ -40.0, 68.0 ], [ -44.0, 68.0 ], [ -44.0, 64.0 ] ] ] } },
{ "type": "Feature", "properties": { "fid": 223, "S-57": "CA29PXHA", "lat_min": 64, "lat_max": 68, "lon_min": -40, "lon_max": -36, "S-101": "101CA00O640N0400W", "Region": "North Atlantic Ocean / Océan Atlantique Nord [Overview 44N/88W]" }, "geometry": { "type": "Polygon", "coordinates": [ [ [ -40.0, 64.0 ], [ -36.0, 64.0 ], [ -36.0, 68.0 ], [ -40.0, 68.0 ], [ -40.0, 64.0 ] ] ] } },
{ "type": "Feature", "properties": { "fid": 224, "S-57": "CA29PXJA", "lat_min": 64, "lat_max": 68, "lon_min": -36, "lon_max": -32, "S-101": "101CA00O640N0360W", "Region": "North Atlantic Ocean / Océan Atlantique Nord [Overview 44N/88W]" }, "geometry": { "type": "Polygon", "coordinates": [ [ [ -36.0, 64.0 ], [ -32.0, 64.0 ], [ -32.0, 68.0 ], [ -36.0, 68.0 ], [ -36.0, 64.0 ] ] ] } },
{ "type": "Feature", "properties": { "fid": 225, "S-57": "CA2AW16A", "lat_min": 68, "lat_max": 72, "lon_min": -144, "lon_max": -140, "S-101": "101CA00O680N1440W", "Region": "Beaufort Sea / Mer de Beaufort [Overview 44N/88W]" }, "geometry": { "type": "Polygon", "coordinates": [ [ [ -144.0, 68.0 ], [ -140.0, 68.0 ], [ -140.0, 72.0 ], [ -144.0, 72.0 ], [ -144.0, 68.0 ] ] ] } },
{ "type": "Feature", "properties": { "fid": 226, "S-57": "CA2AW17A", "lat_min": 68, "lat_max": 72, "lon_min": -140, "lon_max": -136, "S-101": "101CA00O680N1400W", "Region": "Beaufort Sea / Mer de Beaufort [Overview 44N/88W]" }, "geometry": { "type": "Polygon", "coordinates": [ [ [ -140.0, 68.0 ], [ -136.0, 68.0 ], [ -136.0, 72.0 ], [ -140.0, 72.0 ], [ -140.0, 68.0 ] ] ] } },
{ "type": "Feature", "properties": { "fid": 227, "S-57": "CA2AW2EA", "lat_min": 68, "lat_max": 72, "lon_min": -136, "lon_max": -132, "S-101": "101CA00O680N1360W", "Region": "Beaufort Sea / Mer de Beaufort [Overview 44N/88W]" }, "geometry": { "type": "Polygon", "coordinates": [ [ [ -136.0, 68.0 ], [ -132.0, 68.0 ], [ -132.0, 72.0 ], [ -136.0, 72.0 ], [ -136.0, 68.0 ] ] ] } },
{ "type": "Feature", "properties": { "fid": 228, "S-57": "CA2AW3MA", "lat_min": 68, "lat_max": 72, "lon_min": -132, "lon_max": -128, "S-101": "101CA00O680N1320W", "Region": "Beaufort Sea / Mer de Beaufort [Overview 44N/88W]" }, "geometry": { "type": "Polygon", "coordinates": [ [ [ -132.0, 68.0 ], [ -128.0, 68.0 ], [ -128.0, 72.0 ], [ -132.0, 72.0 ], [ -132.0, 68.0 ] ] ] } },
{ "type": "Feature", "properties": { "fid": 229, "S-57": "CA2AW4UA", "lat_min": 68, "lat_max": 72, "lon_min": -128, "lon_max": -124, "S-101": "101CA00O680N1280W", "Region": "Northwest Passage / Passage du Nord-Ouest [Overview 44N/88W]" }, "geometry": { "type": "Polygon", "coordinates": [ [ [ -128.0, 68.0 ], [ -124.0, 68.0 ], [ -124.0, 72.0 ], [ -128.0, 72.0 ], [ -128.0, 68.0 ] ] ] } },
{ "type": "Feature", "properties": { "fid": 230, "S-57": "CA2AW62A", "lat_min": 68, "lat_max": 72, "lon_min": -124, "lon_max": -120, "S-101": "101CA00O680N1240W", "Region": "Northwest Passage / Passage du Nord-Ouest [Overview 44N/88W]" }, "geometry": { "type": "Polygon", "coordinates": [ [ [ -124.0, 68.0 ], [ -120.0, 68.0 ], [ -120.0, 72.0 ], [ -124.0, 72.0 ], [ -124.0, 68.0 ] ] ] } },
{ "type": "Feature", "properties": { "fid": 231, "S-57": "CA2AW79A", "lat_min": 68, "lat_max": 72, "lon_min": -120, "lon_max": -116, "S-101": "101CA00O680N1200W", "Region": "Northwest Passage / Passage du Nord-Ouest [Overview 44N/88W]" }, "geometry": { "type": "Polygon", "coordinates": [ [ [ -120.0, 68.0 ], [ -116.0, 68.0 ], [ -116.0, 72.0 ], [ -120.0, 72.0 ], [ -120.0, 68.0 ] ] ] } },
{ "type": "Feature", "properties": { "fid": 232, "S-57": "CA2AW8GA", "lat_min": 68, "lat_max": 72, "lon_min": -116, "lon_max": -112, "S-101": "101CA00O680N1160W", "Region": "Northwest Passage / Passage du Nord-Ouest [Overview 44N/88W]" }, "geometry": { "type": "Polygon", "coordinates": [ [ [ -116.0, 68.0 ], [ -112.0, 68.0 ], [ -112.0, 72.0 ], [ -116.0, 72.0 ], [ -116.0, 68.0 ] ] ] } },
{ "type": "Feature", "properties": { "fid": 233, "S-57": "CA2AW9PA", "lat_min": 68, "lat_max": 72, "lon_min": -112, "lon_max": -108, "S-101": "101CA00O680N1120W", "Region": "Northwest Passage / Passage du Nord-Ouest [Overview 44N/88W]" }, "geometry": { "type": "Polygon", "coordinates": [ [ [ -112.0, 68.0 ], [ -108.0, 68.0 ], [ -108.0, 72.0 ], [ -112.0, 72.0 ], [ -112.0, 68.0 ] ] ] } },
{ "type": "Feature", "properties": { "fid": 234, "S-57": "CA2AWAWA", "lat_min": 68, "lat_max": 72, "lon_min": -108, "lon_max": -104, "S-101": "101CA00O680N1080W", "Region": "Northwest Passage / Passage du Nord-Ouest [Overview 44N/88W]" }, "geometry": { "type": "Polygon", "coordinates": [ [ [ -108.0, 68.0 ], [ -104.0, 68.0 ], [ -104.0, 72.0 ], [ -108.0, 72.0 ], [ -108.0, 68.0 ] ] ] } },
{ "type": "Feature", "properties": { "fid": 235, "S-57": "CA2AWC4A", "lat_min": 68, "lat_max": 72, "lon_min": -104, "lon_max": -100, "S-101": "101CA00O680N1040W", "Region": "Northwest Passage / Passage du Nord-Ouest [Overview 44N/88W]" }, "geometry": { "type": "Polygon", "coordinates": [ [ [ -104.0, 68.0 ], [ -100.0, 68.0 ], [ -100.0, 72.0 ], [ -104.0, 72.0 ], [ -104.0, 68.0 ] ] ] } },
{ "type": "Feature", "properties": { "fid": 236, "S-57": "CA2AWDBA", "lat_min": 68, "lat_max": 72, "lon_min": -100, "lon_max": -96, "S-101": "101CA00O680N1000W", "Region": "Northwest Passage / Passage du Nord-Ouest [Overview 44N/88W]" }, "geometry": { "type": "Polygon", "coordinates": [ [ [ -100.0, 68.0 ], [ -96.0, 68.0 ], [ -96.0, 72.0 ], [ -100.0, 72.0 ], [ -100.0, 68.0 ] ] ] } },
{ "type": "Feature", "properties": { "fid": 237, "S-57": "CA2AWEJA", "lat_min": 68, "lat_max": 72, "lon_min": -96, "lon_max": -92, "S-101": "101CA00O680N0960W", "Region": "Northwest Passage / Passage du Nord-Ouest [Overview 44N/88W]" }, "geometry": { "type": "Polygon", "coordinates": [ [ [ -96.0, 68.0 ], [ -92.0, 68.0 ], [ -92.0, 72.0 ], [ -96.0, 72.0 ], [ -96.0, 68.0 ] ] ] } },
{ "type": "Feature", "properties": { "fid": 238, "S-57": "CA2AWFRA", "lat_min": 68, "lat_max": 72, "lon_min": -92, "lon_max": -88, "S-101": "101CA00O680N0920W", "Region": "Northwest Passage / Passage du Nord-Ouest [Overview 44N/88W]" }, "geometry": { "type": "Polygon", "coordinates": [ [ [ -92.0, 68.0 ], [ -88.0, 68.0 ], [ -88.0, 72.0 ], [ -92.0, 72.0 ], [ -92.0, 68.0 ] ] ] } },
{ "type": "Feature", "properties": { "fid": 239, "S-57": "CA2AWGYA", "lat_min": 68, "lat_max": 72, "lon_min": -88, "lon_max": -84, "S-101": "101CA00O680N0880W", "Region": "Northwest Passage / Passage du Nord-Ouest [Overview 44N/88W]" }, "geometry": { "type": "Polygon", "coordinates": [ [ [ -88.0, 68.0 ], [ -84.0, 68.0 ], [ -84.0, 72.0 ], [ -88.0, 72.0 ], [ -88.0, 68.0 ] ] ] } },
{ "type": "Feature", "properties": { "fid": 240, "S-57": "CA2AWJ6A", "lat_min": 68, "lat_max": 72, "lon_min": -84, "lon_max": -80, "S-101": "101CA00O680N0840W", "Region": "Northwest Passage / Passage du Nord-Ouest [Overview 44N/88W]" }, "geometry": { "type": "Polygon", "coordinates": [ [ [ -84.0, 68.0 ], [ -80.0, 68.0 ], [ -80.0, 72.0 ], [ -84.0, 72.0 ], [ -84.0, 68.0 ] ] ] } },
{ "type": "Feature", "properties": { "fid": 241, "S-57": "CA2AWKDA", "lat_min": 68, "lat_max": 72, "lon_min": -80, "lon_max": -76, "S-101": "101CA00O680N0800W", "Region": "Northwest Passage / Passage du Nord-Ouest [Overview 44N/88W]" }, "geometry": { "type": "Polygon", "coordinates": [ [ [ -80.0, 68.0 ], [ -76.0, 68.0 ], [ -76.0, 72.0 ], [ -80.0, 72.0 ], [ -80.0, 68.0 ] ] ] } },
{ "type": "Feature", "properties": { "fid": 242, "S-57": "CA2AWLLA", "lat_min": 68, "lat_max": 72, "lon_min": -76, "lon_max": -72, "S-101": "101CA00O680N0760W", "Region": "Northwest Passage / Passage du Nord-Ouest [Overview 44N/88W]" }, "geometry": { "type": "Polygon", "coordinates": [ [ [ -76.0, 68.0 ], [ -72.0, 68.0 ], [ -72.0, 72.0 ], [ -76.0, 72.0 ], [ -76.0, 68.0 ] ] ] } },
{ "type": "Feature", "properties": { "fid": 243, "S-57": "CA2AWMTA", "lat_min": 68, "lat_max": 72, "lon_min": -72, "lon_max": -68, "S-101": "101CA00O680N0720W", "Region": "Baffin Bay / Baie de Baffin [Overview 44N/88W]" }, "geometry": { "type": "Polygon", "coordinates": [ [ [ -72.0, 68.0 ], [ -68.0, 68.0 ], [ -68.0, 72.0 ], [ -72.0, 72.0 ], [ -72.0, 68.0 ] ] ] } },
{ "type": "Feature", "properties": { "fid": 244, "S-57": "CA2AWP1A", "lat_min": 68, "lat_max": 72, "lon_min": -68, "lon_max": -64, "S-101": "101CA00O680N0680W", "Region": "Davis Strait / Détroit de Davis [Overview 44N/88W]" }, "geometry": { "type": "Polygon", "coordinates": [ [ [ -68.0, 68.0 ], [ -64.0, 68.0 ], [ -64.0, 72.0 ], [ -68.0, 72.0 ], [ -68.0, 68.0 ] ] ] } },
{ "type": "Feature", "properties": { "fid": 245, "S-57": "CA2AWQ8A", "lat_min": 68, "lat_max": 72, "lon_min": -64, "lon_max": -60, "S-101": "101CA00O680N0640W", "Region": "Davis Strait / Détroit de Davis [Overview 44N/88W]" }, "geometry": { "type": "Polygon", "coordinates": [ [ [ -64.0, 68.0 ], [ -60.0, 68.0 ], [ -60.0, 72.0 ], [ -64.0, 72.0 ], [ -64.0, 68.0 ] ] ] } },
{ "type": "Feature", "properties": { "fid": 246, "S-57": "CA2AWRFA", "lat_min": 68, "lat_max": 72, "lon_min": -60, "lon_max": -56, "S-101": "101CA00O680N0600W", "Region": "Davis Strait / Détroit de Davis [Overview 44N/88W]" }, "geometry": { "type": "Polygon", "coordinates": [ [ [ -60.0, 68.0 ], [ -56.0, 68.0 ], [ -56.0, 72.0 ], [ -60.0, 72.0 ], [ -60.0, 68.0 ] ] ] } },
{ "type": "Feature", "properties": { "fid": 247, "S-57": "CA2AWSNA", "lat_min": 68, "lat_max": 72, "lon_min": -56, "lon_max": -52, "S-101": "101CA00O680N0560W", "Region": "Davis Strait / Détroit de Davis [Overview 44N/88W]" }, "geometry": { "type": "Polygon", "coordinates": [ [ [ -56.0, 68.0 ], [ -52.0, 68.0 ], [ -52.0, 72.0 ], [ -56.0, 72.0 ], [ -56.0, 68.0 ] ] ] } },
{ "type": "Feature", "properties": { "fid": 248, "S-57": "CA2AWTVA", "lat_min": 68, "lat_max": 72, "lon_min": -52, "lon_max": -48, "S-101": "101CA00O680N0520W", "Region": "Davis Strait / Détroit de Davis [Overview 44N/88W]" }, "geometry": { "type": "Polygon", "coordinates": [ [ [ -52.0, 68.0 ], [ -48.0, 68.0 ], [ -48.0, 72.0 ], [ -52.0, 72.0 ], [ -52.0, 68.0 ] ] ] } },
{ "type": "Feature", "properties": { "fid": 249, "S-57": "CA2AWV3A", "lat_min": 68, "lat_max": 72, "lon_min": -48, "lon_max": -44, "S-101": "101CA00O680N0480W", "Region": "Continental Interior / Intérieur des terres [Overview 44N/88W]" }, "geometry": { "type": "Polygon", "coordinates": [ [ [ -48.0, 68.0 ], [ -44.0, 68.0 ], [ -44.0, 72.0 ], [ -48.0, 72.0 ], [ -48.0, 68.0 ] ] ] } },
{ "type": "Feature", "properties": { "fid": 250, "S-57": "CA2AWWAA", "lat_min": 68, "lat_max": 72, "lon_min": -44, "lon_max": -40, "S-101": "101CA00O680N0440W", "Region": "Continental Interior / Intérieur des terres [Overview 44N/88W]" }, "geometry": { "type": "Polygon", "coordinates": [ [ [ -44.0, 68.0 ], [ -40.0, 68.0 ], [ -40.0, 72.0 ], [ -44.0, 72.0 ], [ -44.0, 68.0 ] ] ] } },
{ "type": "Feature", "properties": { "fid": 251, "S-57": "CA2AWXHA", "lat_min": 68, "lat_max": 72, "lon_min": -40, "lon_max": -36, "S-101": "101CA00O680N0400W", "Region": "Continental Interior / Intérieur des terres [Overview 44N/88W]" }, "geometry": { "type": "Polygon", "coordinates": [ [ [ -40.0, 68.0 ], [ -36.0, 68.0 ], [ -36.0, 72.0 ], [ -40.0, 72.0 ], [ -40.0, 68.0 ] ] ] } },
{ "type": "Feature", "properties": { "fid": 252, "S-57": "CA2AWXJA", "lat_min": 68, "lat_max": 72, "lon_min": -36, "lon_max": -32, "S-101": "101CA00O680N0360W", "Region": "North Atlantic Ocean / Océan Atlantique Nord [Overview 44N/88W]" }, "geometry": { "type": "Polygon", "coordinates": [ [ [ -36.0, 68.0 ], [ -32.0, 68.0 ], [ -32.0, 72.0 ], [ -36.0, 72.0 ], [ -36.0, 68.0 ] ] ] } },
{ "type": "Feature", "properties": { "fid": 253, "S-57": "CA2C416A", "lat_min": 72, "lat_max": 76, "lon_min": -144, "lon_max": -140, "S-101": "101CA00O720N1440W", "Region": "Beaufort Sea / Mer de Beaufort [Overview 44N/88W]" }, "geometry": { "type": "Polygon", "coordinates": [ [ [ -144.0, 72.0 ], [ -140.0, 72.0 ], [ -140.0, 76.0 ], [ -144.0, 76.0 ], [ -144.0, 72.0 ] ] ] } },
{ "type": "Feature", "properties": { "fid": 254, "S-57": "CA2C417A", "lat_min": 72, "lat_max": 76, "lon_min": -140, "lon_max": -136, "S-101": "101CA00O720N1400W", "Region": "Beaufort Sea / Mer de Beaufort [Overview 44N/88W]" }, "geometry": { "type": "Polygon", "coordinates": [ [ [ -140.0, 72.0 ], [ -136.0, 72.0 ], [ -136.0, 76.0 ], [ -140.0, 76.0 ], [ -140.0, 72.0 ] ] ] } },
{ "type": "Feature", "properties": { "fid": 255, "S-57": "CA2C42EA", "lat_min": 72, "lat_max": 76, "lon_min": -136, "lon_max": -132, "S-101": "101CA00O720N1360W", "Region": "Beaufort Sea / Mer de Beaufort [Overview 44N/88W]" }, "geometry": { "type": "Polygon", "coordinates": [ [ [ -136.0, 72.0 ], [ -132.0, 72.0 ], [ -132.0, 76.0 ], [ -136.0, 76.0 ], [ -136.0, 72.0 ] ] ] } },
{ "type": "Feature", "properties": { "fid": 256, "S-57": "CA2C43MA", "lat_min": 72, "lat_max": 76, "lon_min": -132, "lon_max": -128, "S-101": "101CA00O720N1320W", "Region": "Beaufort Sea / Mer de Beaufort [Overview 44N/88W]" }, "geometry": { "type": "Polygon", "coordinates": [ [ [ -132.0, 72.0 ], [ -128.0, 72.0 ], [ -128.0, 76.0 ], [ -132.0, 76.0 ], [ -132.0, 72.0 ] ] ] } },
{ "type": "Feature", "properties": { "fid": 257, "S-57": "CA2C44UA", "lat_min": 72, "lat_max": 76, "lon_min": -128, "lon_max": -124, "S-101": "101CA00O720N1280W", "Region": "Northwest Passage / Passage du Nord-Ouest [Overview 44N/88W]" }, "geometry": { "type": "Polygon", "coordinates": [ [ [ -128.0, 72.0 ], [ -124.0, 72.0 ], [ -124.0, 76.0 ], [ -128.0, 76.0 ], [ -128.0, 72.0 ] ] ] } },
{ "type": "Feature", "properties": { "fid": 258, "S-57": "CA2C462A", "lat_min": 72, "lat_max": 76, "lon_min": -124, "lon_max": -120, "S-101": "101CA00O720N1240W", "Region": "Northwest Passage / Passage du Nord-Ouest [Overview 44N/88W]" }, "geometry": { "type": "Polygon", "coordinates": [ [ [ -124.0, 72.0 ], [ -120.0, 72.0 ], [ -120.0, 76.0 ], [ -124.0, 76.0 ], [ -124.0, 72.0 ] ] ] } },
{ "type": "Feature", "properties": { "fid": 259, "S-57": "CA2C479A", "lat_min": 72, "lat_max": 76, "lon_min": -120, "lon_max": -116, "S-101": "101CA00O720N1200W", "Region": "Northwest Passage / Passage du Nord-Ouest [Overview 44N/88W]" }, "geometry": { "type": "Polygon", "coordinates": [ [ [ -120.0, 72.0 ], [ -116.0, 72.0 ], [ -116.0, 76.0 ], [ -120.0, 76.0 ], [ -120.0, 72.0 ] ] ] } },
{ "type": "Feature", "properties": { "fid": 260, "S-57": "CA2C48GA", "lat_min": 72, "lat_max": 76, "lon_min": -116, "lon_max": -112, "S-101": "101CA00O720N1160W", "Region": "Northwest Passage / Passage du Nord-Ouest [Overview 44N/88W]" }, "geometry": { "type": "Polygon", "coordinates": [ [ [ -116.0, 72.0 ], [ -112.0, 72.0 ], [ -112.0, 76.0 ], [ -116.0, 76.0 ], [ -116.0, 72.0 ] ] ] } },
{ "type": "Feature", "properties": { "fid": 261, "S-57": "CA2C49PA", "lat_min": 72, "lat_max": 76, "lon_min": -112, "lon_max": -108, "S-101": "101CA00O720N1120W", "Region": "Northwest Passage / Passage du Nord-Ouest [Overview 44N/88W]" }, "geometry": { "type": "Polygon", "coordinates": [ [ [ -112.0, 72.0 ], [ -108.0, 72.0 ], [ -108.0, 76.0 ], [ -112.0, 76.0 ], [ -112.0, 72.0 ] ] ] } },
{ "type": "Feature", "properties": { "fid": 262, "S-57": "CA2C4AWA", "lat_min": 72, "lat_max": 76, "lon_min": -108, "lon_max": -104, "S-101": "101CA00O720N1080W", "Region": "Northwest Passage / Passage du Nord-Ouest [Overview 44N/88W]" }, "geometry": { "type": "Polygon", "coordinates": [ [ [ -108.0, 72.0 ], [ -104.0, 72.0 ], [ -104.0, 76.0 ], [ -108.0, 76.0 ], [ -108.0, 72.0 ] ] ] } },
{ "type": "Feature", "properties": { "fid": 263, "S-57": "CA2C4C4A", "lat_min": 72, "lat_max": 76, "lon_min": -104, "lon_max": -100, "S-101": "101CA00O720N1040W", "Region": "Northwest Passage / Passage du Nord-Ouest [Overview 44N/88W]" }, "geometry": { "type": "Polygon", "coordinates": [ [ [ -104.0, 72.0 ], [ -100.0, 72.0 ], [ -100.0, 76.0 ], [ -104.0, 76.0 ], [ -104.0, 72.0 ] ] ] } },
{ "type": "Feature", "properties": { "fid": 264, "S-57": "CA2C4DBA", "lat_min": 72, "lat_max": 76, "lon_min": -100, "lon_max": -96, "S-101": "101CA00O720N1000W", "Region": "Northwest Passage / Passage du Nord-Ouest [Overview 44N/88W]" }, "geometry": { "type": "Polygon", "coordinates": [ [ [ -100.0, 72.0 ], [ -96.0, 72.0 ], [ -96.0, 76.0 ], [ -100.0, 76.0 ], [ -100.0, 72.0 ] ] ] } },
{ "type": "Feature", "properties": { "fid": 265, "S-57": "CA2C4EJA", "lat_min": 72, "lat_max": 76, "lon_min": -96, "lon_max": -92, "S-101": "101CA00O720N0960W", "Region": "Northwest Passage / Passage du Nord-Ouest [Overview 44N/88W]" }, "geometry": { "type": "Polygon", "coordinates": [ [ [ -96.0, 72.0 ], [ -92.0, 72.0 ], [ -92.0, 76.0 ], [ -96.0, 76.0 ], [ -96.0, 72.0 ] ] ] } },
{ "type": "Feature", "properties": { "fid": 266, "S-57": "CA2C4FRA", "lat_min": 72, "lat_max": 76, "lon_min": -92, "lon_max": -88, "S-101": "101CA00O720N0920W", "Region": "Northwest Passage / Passage du Nord-Ouest [Overview 44N/88W]" }, "geometry": { "type": "Polygon", "coordinates": [ [ [ -92.0, 72.0 ], [ -88.0, 72.0 ], [ -88.0, 76.0 ], [ -92.0, 76.0 ], [ -92.0, 72.0 ] ] ] } },
{ "type": "Feature", "properties": { "fid": 267, "S-57": "CA2C4GYA", "lat_min": 72, "lat_max": 76, "lon_min": -88, "lon_max": -84, "S-101": "101CA00O720N0880W", "Region": "Northwest Passage / Passage du Nord-Ouest [Overview 44N/88W]" }, "geometry": { "type": "Polygon", "coordinates": [ [ [ -88.0, 72.0 ], [ -84.0, 72.0 ], [ -84.0, 76.0 ], [ -88.0, 76.0 ], [ -88.0, 72.0 ] ] ] } },
{ "type": "Feature", "properties": { "fid": 268, "S-57": "CA2C4J6A", "lat_min": 72, "lat_max": 76, "lon_min": -84, "lon_max": -80, "S-101": "101CA00O720N0840W", "Region": "Northwest Passage / Passage du Nord-Ouest [Overview 44N/88W]" }, "geometry": { "type": "Polygon", "coordinates": [ [ [ -84.0, 72.0 ], [ -80.0, 72.0 ], [ -80.0, 76.0 ], [ -84.0, 76.0 ], [ -84.0, 72.0 ] ] ] } },
{ "type": "Feature", "properties": { "fid": 269, "S-57": "CA2C4KDA", "lat_min": 72, "lat_max": 76, "lon_min": -80, "lon_max": -76, "S-101": "101CA00O720N0800W", "Region": "Baffin Bay / Baie de Baffin [Overview 44N/88W]" }, "geometry": { "type": "Polygon", "coordinates": [ [ [ -80.0, 72.0 ], [ -76.0, 72.0 ], [ -76.0, 76.0 ], [ -80.0, 76.0 ], [ -80.0, 72.0 ] ] ] } },
{ "type": "Feature", "properties": { "fid": 270, "S-57": "CA2C4LLA", "lat_min": 72, "lat_max": 76, "lon_min": -76, "lon_max": -72, "S-101": "101CA00O720N0760W", "Region": "Baffin Bay / Baie de Baffin [Overview 44N/88W]" }, "geometry": { "type": "Polygon", "coordinates": [ [ [ -76.0, 72.0 ], [ -72.0, 72.0 ], [ -72.0, 76.0 ], [ -76.0, 76.0 ], [ -76.0, 72.0 ] ] ] } },
{ "type": "Feature", "properties": { "fid": 271, "S-57": "CA2C4MTA", "lat_min": 72, "lat_max": 76, "lon_min": -72, "lon_max": -68, "S-101": "101CA00O720N0720W", "Region": "Baffin Bay / Baie de Baffin [Overview 44N/88W]" }, "geometry": { "type": "Polygon", "coordinates": [ [ [ -72.0, 72.0 ], [ -68.0, 72.0 ], [ -68.0, 76.0 ], [ -72.0, 76.0 ], [ -72.0, 72.0 ] ] ] } },
{ "type": "Feature", "properties": { "fid": 272, "S-57": "CA2C4P1A", "lat_min": 72, "lat_max": 76, "lon_min": -68, "lon_max": -64, "S-101": "101CA00O720N0680W", "Region": "Baffin Bay / Baie de Baffin [Overview 44N/88W]" }, "geometry": { "type": "Polygon", "coordinates": [ [ [ -68.0, 72.0 ], [ -64.0, 72.0 ], [ -64.0, 76.0 ], [ -68.0, 76.0 ], [ -68.0, 72.0 ] ] ] } },
{ "type": "Feature", "properties": { "fid": 273, "S-57": "CA2C4Q8A", "lat_min": 72, "lat_max": 76, "lon_min": -64, "lon_max": -60, "S-101": "101CA00O720N0640W", "Region": "Baffin Bay / Baie de Baffin [Overview 44N/88W]" }, "geometry": { "type": "Polygon", "coordinates": [ [ [ -64.0, 72.0 ], [ -60.0, 72.0 ], [ -60.0, 76.0 ], [ -64.0, 76.0 ], [ -64.0, 72.0 ] ] ] } },
{ "type": "Feature", "properties": { "fid": 274, "S-57": "CA2C4RFA", "lat_min": 72, "lat_max": 76, "lon_min": -60, "lon_max": -56, "S-101": "101CA00O720N0600W", "Region": "Baffin Bay / Baie de Baffin [Overview 44N/88W]" }, "geometry": { "type": "Polygon", "coordinates": [ [ [ -60.0, 72.0 ], [ -56.0, 72.0 ], [ -56.0, 76.0 ], [ -60.0, 76.0 ], [ -60.0, 72.0 ] ] ] } },
{ "type": "Feature", "properties": { "fid": 275, "S-57": "CA2C4SNA", "lat_min": 72, "lat_max": 76, "lon_min": -56, "lon_max": -52, "S-101": "101CA00O720N0560W", "Region": "Baffin Bay / Baie de Baffin [Overview 44N/88W]" }, "geometry": { "type": "Polygon", "coordinates": [ [ [ -56.0, 72.0 ], [ -52.0, 72.0 ], [ -52.0, 76.0 ], [ -56.0, 76.0 ], [ -56.0, 72.0 ] ] ] } },
{ "type": "Feature", "properties": { "fid": 276, "S-57": "CA2C4TVA", "lat_min": 72, "lat_max": 76, "lon_min": -52, "lon_max": -48, "S-101": "101CA00O720N0520W", "Region": "Continental Interior / Intérieur des terres [Overview 44N/88W]" }, "geometry": { "type": "Polygon", "coordinates": [ [ [ -52.0, 72.0 ], [ -48.0, 72.0 ], [ -48.0, 76.0 ], [ -52.0, 76.0 ], [ -52.0, 72.0 ] ] ] } },
{ "type": "Feature", "properties": { "fid": 277, "S-57": "CA2C4V3A", "lat_min": 72, "lat_max": 76, "lon_min": -48, "lon_max": -44, "S-101": "101CA00O720N0480W", "Region": "Continental Interior / Intérieur des terres [Overview 44N/88W]" }, "geometry": { "type": "Polygon", "coordinates": [ [ [ -48.0, 72.0 ], [ -44.0, 72.0 ], [ -44.0, 76.0 ], [ -48.0, 76.0 ], [ -48.0, 72.0 ] ] ] } },
{ "type": "Feature", "properties": { "fid": 278, "S-57": "CA2C4WAA", "lat_min": 72, "lat_max": 76, "lon_min": -44, "lon_max": -40, "S-101": "101CA00O720N0440W", "Region": "Continental Interior / Intérieur des terres [Overview 44N/88W]" }, "geometry": { "type": "Polygon", "coordinates": [ [ [ -44.0, 72.0 ], [ -40.0, 72.0 ], [ -40.0, 76.0 ], [ -44.0, 76.0 ], [ -44.0, 72.0 ] ] ] } },
{ "type": "Feature", "properties": { "fid": 279, "S-57": "CA2C4XHA", "lat_min": 72, "lat_max": 76, "lon_min": -40, "lon_max": -36, "S-101": "101CA00O720N0400W", "Region": "Continental Interior / Intérieur des terres [Overview 44N/88W]" }, "geometry": { "type": "Polygon", "coordinates": [ [ [ -40.0, 72.0 ], [ -36.0, 72.0 ], [ -36.0, 76.0 ], [ -40.0, 76.0 ], [ -40.0, 72.0 ] ] ] } },
{ "type": "Feature", "properties": { "fid": 280, "S-57": "CA2C4XJA", "lat_min": 72, "lat_max": 76, "lon_min": -36, "lon_max": -32, "S-101": "101CA00O720N0360W", "Region": "Continental Interior / Intérieur des terres [Overview 44N/88W]" }, "geometry": { "type": "Polygon", "coordinates": [ [ [ -36.0, 72.0 ], [ -32.0, 72.0 ], [ -32.0, 76.0 ], [ -36.0, 76.0 ], [ -36.0, 72.0 ] ] ] } },
{ "type": "Feature", "properties": { "fid": 281, "S-57": "CA2DB16A", "lat_min": 76, "lat_max": 80, "lon_min": -144, "lon_max": -140, "S-101": "101CA00O760N1440W", "Region": "Arctic Ocean / Océan Arctique [Overview 44N/88W]" }, "geometry": { "type": "Polygon", "coordinates": [ [ [ -144.0, 76.0 ], [ -140.0, 76.0 ], [ -140.0, 80.0 ], [ -144.0, 80.0 ], [ -144.0, 76.0 ] ] ] } },
{ "type": "Feature", "properties": { "fid": 282, "S-57": "CA2DB17A", "lat_min": 76, "lat_max": 80, "lon_min": -140, "lon_max": -136, "S-101": "101CA00O760N1400W", "Region": "Arctic Ocean / Océan Arctique [Overview 44N/88W]" }, "geometry": { "type": "Polygon", "coordinates": [ [ [ -140.0, 76.0 ], [ -136.0, 76.0 ], [ -136.0, 80.0 ], [ -140.0, 80.0 ], [ -140.0, 76.0 ] ] ] } },
{ "type": "Feature", "properties": { "fid": 283, "S-57": "CA2DB2EA", "lat_min": 76, "lat_max": 80, "lon_min": -136, "lon_max": -132, "S-101": "101CA00O760N1360W", "Region": "Arctic Ocean / Océan Arctique [Overview 44N/88W]" }, "geometry": { "type": "Polygon", "coordinates": [ [ [ -136.0, 76.0 ], [ -132.0, 76.0 ], [ -132.0, 80.0 ], [ -136.0, 80.0 ], [ -136.0, 76.0 ] ] ] } },
{ "type": "Feature", "properties": { "fid": 284, "S-57": "CA2DB3MA", "lat_min": 76, "lat_max": 80, "lon_min": -132, "lon_max": -128, "S-101": "101CA00O760N1320W", "Region": "Arctic Ocean / Océan Arctique [Overview 44N/88W]" }, "geometry": { "type": "Polygon", "coordinates": [ [ [ -132.0, 76.0 ], [ -128.0, 76.0 ], [ -128.0, 80.0 ], [ -132.0, 80.0 ], [ -132.0, 76.0 ] ] ] } },
{ "type": "Feature", "properties": { "fid": 285, "S-57": "CA2DB4UA", "lat_min": 76, "lat_max": 80, "lon_min": -128, "lon_max": -124, "S-101": "101CA00O760N1280W", "Region": "Arctic Ocean / Océan Arctique [Overview 44N/88W]" }, "geometry": { "type": "Polygon", "coordinates": [ [ [ -128.0, 76.0 ], [ -124.0, 76.0 ], [ -124.0, 80.0 ], [ -128.0, 80.0 ], [ -128.0, 76.0 ] ] ] } },
{ "type": "Feature", "properties": { "fid": 286, "S-57": "CA2DB62A", "lat_min": 76, "lat_max": 80, "lon_min": -124, "lon_max": -120, "S-101": "101CA00O760N1240W", "Region": "Northwest Passage / Passage du Nord-Ouest [Overview 44N/88W]" }, "geometry": { "type": "Polygon", "coordinates": [ [ [ -124.0, 76.0 ], [ -120.0, 76.0 ], [ -120.0, 80.0 ], [ -124.0, 80.0 ], [ -124.0, 76.0 ] ] ] } },
{ "type": "Feature", "properties": { "fid": 287, "S-57": "CA2DB79A", "lat_min": 76, "lat_max": 80, "lon_min": -120, "lon_max": -116, "S-101": "101CA00O760N1200W", "Region": "Northwest Passage / Passage du Nord-Ouest [Overview 44N/88W]" }, "geometry": { "type": "Polygon", "coordinates": [ [ [ -120.0, 76.0 ], [ -116.0, 76.0 ], [ -116.0, 80.0 ], [ -120.0, 80.0 ], [ -120.0, 76.0 ] ] ] } },
{ "type": "Feature", "properties": { "fid": 288, "S-57": "CA2DB8GA", "lat_min": 76, "lat_max": 80, "lon_min": -116, "lon_max": -112, "S-101": "101CA00O760N1160W", "Region": "Northwest Passage / Passage du Nord-Ouest [Overview 44N/88W]" }, "geometry": { "type": "Polygon", "coordinates": [ [ [ -116.0, 76.0 ], [ -112.0, 76.0 ], [ -112.0, 80.0 ], [ -116.0, 80.0 ], [ -116.0, 76.0 ] ] ] } },
{ "type": "Feature", "properties": { "fid": 289, "S-57": "CA2DB9PA", "lat_min": 76, "lat_max": 80, "lon_min": -112, "lon_max": -108, "S-101": "101CA00O760N1120W", "Region": "Northwest Passage / Passage du Nord-Ouest [Overview 44N/88W]" }, "geometry": { "type": "Polygon", "coordinates": [ [ [ -112.0, 76.0 ], [ -108.0, 76.0 ], [ -108.0, 80.0 ], [ -112.0, 80.0 ], [ -112.0, 76.0 ] ] ] } },
{ "type": "Feature", "properties": { "fid": 290, "S-57": "CA2DBAWA", "lat_min": 76, "lat_max": 80, "lon_min": -108, "lon_max": -104, "S-101": "101CA00O760N1080W", "Region": "Northwest Passage / Passage du Nord-Ouest [Overview 44N/88W]" }, "geometry": { "type": "Polygon", "coordinates": [ [ [ -108.0, 76.0 ], [ -104.0, 76.0 ], [ -104.0, 80.0 ], [ -108.0, 80.0 ], [ -108.0, 76.0 ] ] ] } },
{ "type": "Feature", "properties": { "fid": 291, "S-57": "CA2DBC4A", "lat_min": 76, "lat_max": 80, "lon_min": -104, "lon_max": -100, "S-101": "101CA00O760N1040W", "Region": "Northwest Passage / Passage du Nord-Ouest [Overview 44N/88W]" }, "geometry": { "type": "Polygon", "coordinates": [ [ [ -104.0, 76.0 ], [ -100.0, 76.0 ], [ -100.0, 80.0 ], [ -104.0, 80.0 ], [ -104.0, 76.0 ] ] ] } },
{ "type": "Feature", "properties": { "fid": 292, "S-57": "CA2DBDBA", "lat_min": 76, "lat_max": 80, "lon_min": -100, "lon_max": -96, "S-101": "101CA00O760N1000W", "Region": "Northwest Passage / Passage du Nord-Ouest [Overview 44N/88W]" }, "geometry": { "type": "Polygon", "coordinates": [ [ [ -100.0, 76.0 ], [ -96.0, 76.0 ], [ -96.0, 80.0 ], [ -100.0, 80.0 ], [ -100.0, 76.0 ] ] ] } },
{ "type": "Feature", "properties": { "fid": 293, "S-57": "CA2DBEJA", "lat_min": 76, "lat_max": 80, "lon_min": -96, "lon_max": -92, "S-101": "101CA00O760N0960W", "Region": "Northwest Passage / Passage du Nord-Ouest [Overview 44N/88W]" }, "geometry": { "type": "Polygon", "coordinates": [ [ [ -96.0, 76.0 ], [ -92.0, 76.0 ], [ -92.0, 80.0 ], [ -96.0, 80.0 ], [ -96.0, 76.0 ] ] ] } },
{ "type": "Feature", "properties": { "fid": 294, "S-57": "CA2DBFRA", "lat_min": 76, "lat_max": 80, "lon_min": -92, "lon_max": -88, "S-101": "101CA00O760N0920W", "Region": "Northwest Passage / Passage du Nord-Ouest [Overview 44N/88W]" }, "geometry": { "type": "Polygon", "coordinates": [ [ [ -92.0, 76.0 ], [ -88.0, 76.0 ], [ -88.0, 80.0 ], [ -92.0, 80.0 ], [ -92.0, 76.0 ] ] ] } },
{ "type": "Feature", "properties": { "fid": 295, "S-57": "CA2DBGYA", "lat_min": 76, "lat_max": 80, "lon_min": -88, "lon_max": -84, "S-101": "101CA00O760N0880W", "Region": "Northwest Passage / Passage du Nord-Ouest [Overview 44N/88W]" }, "geometry": { "type": "Polygon", "coordinates": [ [ [ -88.0, 76.0 ], [ -84.0, 76.0 ], [ -84.0, 80.0 ], [ -88.0, 80.0 ], [ -88.0, 76.0 ] ] ] } },
{ "type": "Feature", "properties": { "fid": 296, "S-57": "CA2DBJ6A", "lat_min": 76, "lat_max": 80, "lon_min": -84, "lon_max": -80, "S-101": "101CA00O760N0840W", "Region": "Northwest Passage / Passage du Nord-Ouest [Overview 44N/88W]" }, "geometry": { "type": "Polygon", "coordinates": [ [ [ -84.0, 76.0 ], [ -80.0, 76.0 ], [ -80.0, 80.0 ], [ -84.0, 80.0 ], [ -84.0, 76.0 ] ] ] } },
{ "type": "Feature", "properties": { "fid": 297, "S-57": "CA2DBKDA", "lat_min": 76, "lat_max": 80, "lon_min": -80, "lon_max": -76, "S-101": "101CA00O760N0800W", "Region": "Baffin Bay / Baie de Baffin [Overview 44N/88W]" }, "geometry": { "type": "Polygon", "coordinates": [ [ [ -80.0, 76.0 ], [ -76.0, 76.0 ], [ -76.0, 80.0 ], [ -80.0, 80.0 ], [ -80.0, 76.0 ] ] ] } },
{ "type": "Feature", "properties": { "fid": 298, "S-57": "CA2DBLLA", "lat_min": 76, "lat_max": 80, "lon_min": -76, "lon_max": -72, "S-101": "101CA00O760N0760W", "Region": "Baffin Bay / Baie de Baffin [Overview 44N/88W]" }, "geometry": { "type": "Polygon", "coordinates": [ [ [ -76.0, 76.0 ], [ -72.0, 76.0 ], [ -72.0, 80.0 ], [ -76.0, 80.0 ], [ -76.0, 76.0 ] ] ] } },
{ "type": "Feature", "properties": { "fid": 299, "S-57": "CA2DBMTA", "lat_min": 76, "lat_max": 80, "lon_min": -72, "lon_max": -68, "S-101": "101CA00O760N0720W", "Region": "Baffin Bay / Baie de Baffin [Overview 44N/88W]" }, "geometry": { "type": "Polygon", "coordinates": [ [ [ -72.0, 76.0 ], [ -68.0, 76.0 ], [ -68.0, 80.0 ], [ -72.0, 80.0 ], [ -72.0, 76.0 ] ] ] } },
{ "type": "Feature", "properties": { "fid": 300, "S-57": "CA2DBP1A", "lat_min": 76, "lat_max": 80, "lon_min": -68, "lon_max": -64, "S-101": "101CA00O760N0680W", "Region": "Baffin Bay / Baie de Baffin [Overview 44N/88W]" }, "geometry": { "type": "Polygon", "coordinates": [ [ [ -68.0, 76.0 ], [ -64.0, 76.0 ], [ -64.0, 80.0 ], [ -68.0, 80.0 ], [ -68.0, 76.0 ] ] ] } },
{ "type": "Feature", "properties": { "fid": 301, "S-57": "CA2DBQ8A", "lat_min": 76, "lat_max": 80, "lon_min": -64, "lon_max": -60, "S-101": "101CA00O760N0640W", "Region": "Baffin Bay / Baie de Baffin [Overview 44N/88W]" }, "geometry": { "type": "Polygon", "coordinates": [ [ [ -64.0, 76.0 ], [ -60.0, 76.0 ], [ -60.0, 80.0 ], [ -64.0, 80.0 ], [ -64.0, 76.0 ] ] ] } },
{ "type": "Feature", "properties": { "fid": 302, "S-57": "CA2DBRFA", "lat_min": 76, "lat_max": 80, "lon_min": -60, "lon_max": -56, "S-101": "101CA00O760N0600W", "Region": "Baffin Bay / Baie de Baffin [Overview 44N/88W]" }, "geometry": { "type": "Polygon", "coordinates": [ [ [ -60.0, 76.0 ], [ -56.0, 76.0 ], [ -56.0, 80.0 ], [ -60.0, 80.0 ], [ -60.0, 76.0 ] ] ] } },
{ "type": "Feature", "properties": { "fid": 303, "S-57": "CA2DBSNA", "lat_min": 76, "lat_max": 80, "lon_min": -56, "lon_max": -52, "S-101": "101CA00O760N0560W", "Region": "Continental Interior / Intérieur des terres [Overview 44N/88W]" }, "geometry": { "type": "Polygon", "coordinates": [ [ [ -56.0, 76.0 ], [ -52.0, 76.0 ], [ -52.0, 80.0 ], [ -56.0, 80.0 ], [ -56.0, 76.0 ] ] ] } },
{ "type": "Feature", "properties": { "fid": 304, "S-57": "CA2DBTVA", "lat_min": 76, "lat_max": 80, "lon_min": -52, "lon_max": -48, "S-101": "101CA00O760N0520W", "Region": "Continental Interior / Intérieur des terres [Overview 44N/88W]" }, "geometry": { "type": "Polygon", "coordinates": [ [ [ -52.0, 76.0 ], [ -48.0, 76.0 ], [ -48.0, 80.0 ], [ -52.0, 80.0 ], [ -52.0, 76.0 ] ] ] } },
{ "type": "Feature", "properties": { "fid": 305, "S-57": "CA2DBV3A", "lat_min": 76, "lat_max": 80, "lon_min": -48, "lon_max": -44, "S-101": "101CA00O760N0480W", "Region": "Continental Interior / Intérieur des terres [Overview 44N/88W]" }, "geometry": { "type": "Polygon", "coordinates": [ [ [ -48.0, 76.0 ], [ -44.0, 76.0 ], [ -44.0, 80.0 ], [ -48.0, 80.0 ], [ -48.0, 76.0 ] ] ] } },
{ "type": "Feature", "properties": { "fid": 306, "S-57": "CA2DBWAA", "lat_min": 76, "lat_max": 80, "lon_min": -44, "lon_max": -40, "S-101": "101CA00O760N0440W", "Region": "Continental Interior / Intérieur des terres [Overview 44N/88W]" }, "geometry": { "type": "Polygon", "coordinates": [ [ [ -44.0, 76.0 ], [ -40.0, 76.0 ], [ -40.0, 80.0 ], [ -44.0, 80.0 ], [ -44.0, 76.0 ] ] ] } },
{ "type": "Feature", "properties": { "fid": 307, "S-57": "CA2DBXHA", "lat_min": 76, "lat_max": 80, "lon_min": -40, "lon_max": -36, "S-101": "101CA00O760N0400W", "Region": "Continental Interior / Intérieur des terres [Overview 44N/88W]" }, "geometry": { "type": "Polygon", "coordinates": [ [ [ -40.0, 76.0 ], [ -36.0, 76.0 ], [ -36.0, 80.0 ], [ -40.0, 80.0 ], [ -40.0, 76.0 ] ] ] } },
{ "type": "Feature", "properties": { "fid": 308, "S-57": "CA2DBXJA", "lat_min": 76, "lat_max": 80, "lon_min": -36, "lon_max": -32, "S-101": "101CA00O760N0360W", "Region": "Continental Interior / Intérieur des terres [Overview 44N/88W]" }, "geometry": { "type": "Polygon", "coordinates": [ [ [ -36.0, 76.0 ], [ -32.0, 76.0 ], [ -32.0, 80.0 ], [ -36.0, 80.0 ], [ -36.0, 76.0 ] ] ] } },
{ "type": "Feature", "properties": { "fid": 309, "S-57": "CA2EJ16A", "lat_min": 80, "lat_max": 84, "lon_min": -144, "lon_max": -140, "S-101": "101CA00O800N1440W", "Region": "Arctic Ocean / Océan Arctique [Overview 44N/88W]" }, "geometry": { "type": "Polygon", "coordinates": [ [ [ -144.0, 80.0 ], [ -140.0, 80.0 ], [ -140.0, 84.0 ], [ -144.0, 84.0 ], [ -144.0, 80.0 ] ] ] } },
{ "type": "Feature", "properties": { "fid": 310, "S-57": "CA2EJ17A", "lat_min": 80, "lat_max": 84, "lon_min": -140, "lon_max": -136, "S-101": "101CA00O800N1400W", "Region": "Arctic Ocean / Océan Arctique [Overview 44N/88W]" }, "geometry": { "type": "Polygon", "coordinates": [ [ [ -140.0, 80.0 ], [ -136.0, 80.0 ], [ -136.0, 84.0 ], [ -140.0, 84.0 ], [ -140.0, 80.0 ] ] ] } },
{ "type": "Feature", "properties": { "fid": 311, "S-57": "CA2EJ2EA", "lat_min": 80, "lat_max": 84, "lon_min": -136, "lon_max": -132, "S-101": "101CA00O800N1360W", "Region": "Arctic Ocean / Océan Arctique [Overview 44N/88W]" }, "geometry": { "type": "Polygon", "coordinates": [ [ [ -136.0, 80.0 ], [ -132.0, 80.0 ], [ -132.0, 84.0 ], [ -136.0, 84.0 ], [ -136.0, 80.0 ] ] ] } },
{ "type": "Feature", "properties": { "fid": 312, "S-57": "CA2EJ3MA", "lat_min": 80, "lat_max": 84, "lon_min": -132, "lon_max": -128, "S-101": "101CA00O800N1320W", "Region": "Arctic Ocean / Océan Arctique [Overview 44N/88W]" }, "geometry": { "type": "Polygon", "coordinates": [ [ [ -132.0, 80.0 ], [ -128.0, 80.0 ], [ -128.0, 84.0 ], [ -132.0, 84.0 ], [ -132.0, 80.0 ] ] ] } },
{ "type": "Feature", "properties": { "fid": 313, "S-57": "CA2EJ4UA", "lat_min": 80, "lat_max": 84, "lon_min": -128, "lon_max": -124, "S-101": "101CA00O800N1280W", "Region": "Arctic Ocean / Océan Arctique [Overview 44N/88W]" }, "geometry": { "type": "Polygon", "coordinates": [ [ [ -128.0, 80.0 ], [ -124.0, 80.0 ], [ -124.0, 84.0 ], [ -128.0, 84.0 ], [ -128.0, 80.0 ] ] ] } },
{ "type": "Feature", "properties": { "fid": 314, "S-57": "CA2EJ62A", "lat_min": 80, "lat_max": 84, "lon_min": -124, "lon_max": -120, "S-101": "101CA00O800N1240W", "Region": "Arctic Ocean / Océan Arctique [Overview 44N/88W]" }, "geometry": { "type": "Polygon", "coordinates": [ [ [ -124.0, 80.0 ], [ -120.0, 80.0 ], [ -120.0, 84.0 ], [ -124.0, 84.0 ], [ -124.0, 80.0 ] ] ] } },
{ "type": "Feature", "properties": { "fid": 315, "S-57": "CA2EJ79A", "lat_min": 80, "lat_max": 84, "lon_min": -120, "lon_max": -116, "S-101": "101CA00O800N1200W", "Region": "Arctic Ocean / Océan Arctique [Overview 44N/88W]" }, "geometry": { "type": "Polygon", "coordinates": [ [ [ -120.0, 80.0 ], [ -116.0, 80.0 ], [ -116.0, 84.0 ], [ -120.0, 84.0 ], [ -120.0, 80.0 ] ] ] } },
{ "type": "Feature", "properties": { "fid": 316, "S-57": "CA2EJ8GA", "lat_min": 80, "lat_max": 84, "lon_min": -116, "lon_max": -112, "S-101": "101CA00O800N1160W", "Region": "Arctic Ocean / Océan Arctique [Overview 44N/88W]" }, "geometry": { "type": "Polygon", "coordinates": [ [ [ -116.0, 80.0 ], [ -112.0, 80.0 ], [ -112.0, 84.0 ], [ -116.0, 84.0 ], [ -116.0, 80.0 ] ] ] } },
{ "type": "Feature", "properties": { "fid": 317, "S-57": "CA2EJ9PA", "lat_min": 80, "lat_max": 84, "lon_min": -112, "lon_max": -108, "S-101": "101CA00O800N1120W", "Region": "Arctic Ocean / Océan Arctique [Overview 44N/88W]" }, "geometry": { "type": "Polygon", "coordinates": [ [ [ -112.0, 80.0 ], [ -108.0, 80.0 ], [ -108.0, 84.0 ], [ -112.0, 84.0 ], [ -112.0, 80.0 ] ] ] } },
{ "type": "Feature", "properties": { "fid": 318, "S-57": "CA2EJAWA", "lat_min": 80, "lat_max": 84, "lon_min": -108, "lon_max": -104, "S-101": "101CA00O800N1080W", "Region": "Arctic Ocean / Océan Arctique [Overview 44N/88W]" }, "geometry": { "type": "Polygon", "coordinates": [ [ [ -108.0, 80.0 ], [ -104.0, 80.0 ], [ -104.0, 84.0 ], [ -108.0, 84.0 ], [ -108.0, 80.0 ] ] ] } },
{ "type": "Feature", "properties": { "fid": 319, "S-57": "CA2EJC4A", "lat_min": 80, "lat_max": 84, "lon_min": -104, "lon_max": -100, "S-101": "101CA00O800N1040W", "Region": "Arctic Ocean / Océan Arctique [Overview 44N/88W]" }, "geometry": { "type": "Polygon", "coordinates": [ [ [ -104.0, 80.0 ], [ -100.0, 80.0 ], [ -100.0, 84.0 ], [ -104.0, 84.0 ], [ -104.0, 80.0 ] ] ] } },
{ "type": "Feature", "properties": { "fid": 320, "S-57": "CA2EJDBA", "lat_min": 80, "lat_max": 84, "lon_min": -100, "lon_max": -96, "S-101": "101CA00O800N1000W", "Region": "Northwest Passage / Passage du Nord-Ouest [Overview 44N/88W]" }, "geometry": { "type": "Polygon", "coordinates": [ [ [ -100.0, 80.0 ], [ -96.0, 80.0 ], [ -96.0, 84.0 ], [ -100.0, 84.0 ], [ -100.0, 80.0 ] ] ] } },
{ "type": "Feature", "properties": { "fid": 321, "S-57": "CA2EJEJA", "lat_min": 80, "lat_max": 84, "lon_min": -96, "lon_max": -92, "S-101": "101CA00O800N0960W", "Region": "Northwest Passage / Passage du Nord-Ouest [Overview 44N/88W]" }, "geometry": { "type": "Polygon", "coordinates": [ [ [ -96.0, 80.0 ], [ -92.0, 80.0 ], [ -92.0, 84.0 ], [ -96.0, 84.0 ], [ -96.0, 80.0 ] ] ] } },
{ "type": "Feature", "properties": { "fid": 322, "S-57": "CA2EJFRA", "lat_min": 80, "lat_max": 84, "lon_min": -92, "lon_max": -88, "S-101": "101CA00O800N0920W", "Region": "Northwest Passage / Passage du Nord-Ouest [Overview 44N/88W]" }, "geometry": { "type": "Polygon", "coordinates": [ [ [ -92.0, 80.0 ], [ -88.0, 80.0 ], [ -88.0, 84.0 ], [ -92.0, 84.0 ], [ -92.0, 80.0 ] ] ] } },
{ "type": "Feature", "properties": { "fid": 323, "S-57": "CA2EJGYA", "lat_min": 80, "lat_max": 84, "lon_min": -88, "lon_max": -84, "S-101": "101CA00O800N0880W", "Region": "Northwest Passage / Passage du Nord-Ouest [Overview 44N/88W]" }, "geometry": { "type": "Polygon", "coordinates": [ [ [ -88.0, 80.0 ], [ -84.0, 80.0 ], [ -84.0, 84.0 ], [ -88.0, 84.0 ], [ -88.0, 80.0 ] ] ] } },
{ "type": "Feature", "properties": { "fid": 324, "S-57": "CA2EJJ6A", "lat_min": 80, "lat_max": 84, "lon_min": -84, "lon_max": -80, "S-101": "101CA00O800N0840W", "Region": "Northwest Passage / Passage du Nord-Ouest [Overview 44N/88W]" }, "geometry": { "type": "Polygon", "coordinates": [ [ [ -84.0, 80.0 ], [ -80.0, 80.0 ], [ -80.0, 84.0 ], [ -84.0, 84.0 ], [ -84.0, 80.0 ] ] ] } },
{ "type": "Feature", "properties": { "fid": 325, "S-57": "CA2EJKDA", "lat_min": 80, "lat_max": 84, "lon_min": -80, "lon_max": -76, "S-101": "101CA00O800N0800W", "Region": "Northwest Passage / Passage du Nord-Ouest [Overview 44N/88W]" }, "geometry": { "type": "Polygon", "coordinates": [ [ [ -80.0, 80.0 ], [ -76.0, 80.0 ], [ -76.0, 84.0 ], [ -80.0, 84.0 ], [ -80.0, 80.0 ] ] ] } },
{ "type": "Feature", "properties": { "fid": 326, "S-57": "CA2EJLLA", "lat_min": 80, "lat_max": 84, "lon_min": -76, "lon_max": -72, "S-101": "101CA00O800N0760W", "Region": "Northwest Passage / Passage du Nord-Ouest [Overview 44N/88W]" }, "geometry": { "type": "Polygon", "coordinates": [ [ [ -76.0, 80.0 ], [ -72.0, 80.0 ], [ -72.0, 84.0 ], [ -76.0, 84.0 ], [ -76.0, 80.0 ] ] ] } },
{ "type": "Feature", "properties": { "fid": 327, "S-57": "CA2EJMTA", "lat_min": 80, "lat_max": 84, "lon_min": -72, "lon_max": -68, "S-101": "101CA00O800N0720W", "Region": "Baffin Bay / Baie de Baffin [Overview 44N/88W]" }, "geometry": { "type": "Polygon", "coordinates": [ [ [ -72.0, 80.0 ], [ -68.0, 80.0 ], [ -68.0, 84.0 ], [ -72.0, 84.0 ], [ -72.0, 80.0 ] ] ] } },
{ "type": "Feature", "properties": { "fid": 328, "S-57": "CA2EJP1A", "lat_min": 80, "lat_max": 84, "lon_min": -68, "lon_max": -64, "S-101": "101CA00O800N0680W", "Region": "Baffin Bay / Baie de Baffin [Overview 44N/88W]" }, "geometry": { "type": "Polygon", "coordinates": [ [ [ -68.0, 80.0 ], [ -64.0, 80.0 ], [ -64.0, 84.0 ], [ -68.0, 84.0 ], [ -68.0, 80.0 ] ] ] } },
{ "type": "Feature", "properties": { "fid": 329, "S-57": "CA2EJQ8A", "lat_min": 80, "lat_max": 84, "lon_min": -64, "lon_max": -60, "S-101": "101CA00O800N0640W", "Region": "Baffin Bay / Baie de Baffin [Overview 44N/88W]" }, "geometry": { "type": "Polygon", "coordinates": [ [ [ -64.0, 80.0 ], [ -60.0, 80.0 ], [ -60.0, 84.0 ], [ -64.0, 84.0 ], [ -64.0, 80.0 ] ] ] } },
{ "type": "Feature", "properties": { "fid": 330, "S-57": "CA2EJRFA", "lat_min": 80, "lat_max": 84, "lon_min": -60, "lon_max": -56, "S-101": "101CA00O800N0600W", "Region": "Baffin Bay / Baie de Baffin [Overview 44N/88W]" }, "geometry": { "type": "Polygon", "coordinates": [ [ [ -60.0, 80.0 ], [ -56.0, 80.0 ], [ -56.0, 84.0 ], [ -60.0, 84.0 ], [ -60.0, 80.0 ] ] ] } },
{ "type": "Feature", "properties": { "fid": 331, "S-57": "CA2EJSNA", "lat_min": 80, "lat_max": 84, "lon_min": -56, "lon_max": -52, "S-101": "101CA00O800N0560W", "Region": "Lincoln Sea / Mer de Lincoln [Overview 44N/88W]" }, "geometry": { "type": "Polygon", "coordinates": [ [ [ -56.0, 80.0 ], [ -52.0, 80.0 ], [ -52.0, 84.0 ], [ -56.0, 84.0 ], [ -56.0, 80.0 ] ] ] } },
{ "type": "Feature", "properties": { "fid": 332, "S-57": "CA2EJTVA", "lat_min": 80, "lat_max": 84, "lon_min": -52, "lon_max": -48, "S-101": "101CA00O800N0520W", "Region": "Lincoln Sea / Mer de Lincoln [Overview 44N/88W]" }, "geometry": { "type": "Polygon", "coordinates": [ [ [ -52.0, 80.0 ], [ -48.0, 80.0 ], [ -48.0, 84.0 ], [ -52.0, 84.0 ], [ -52.0, 80.0 ] ] ] } },
{ "type": "Feature", "properties": { "fid": 333, "S-57": "CA2EJV3A", "lat_min": 80, "lat_max": 84, "lon_min": -48, "lon_max": -44, "S-101": "101CA00O800N0480W", "Region": "Lincoln Sea / Mer de Lincoln [Overview 44N/88W]" }, "geometry": { "type": "Polygon", "coordinates": [ [ [ -48.0, 80.0 ], [ -44.0, 80.0 ], [ -44.0, 84.0 ], [ -48.0, 84.0 ], [ -48.0, 80.0 ] ] ] } },
{ "type": "Feature", "properties": { "fid": 334, "S-57": "CA2EJWAA", "lat_min": 80, "lat_max": 84, "lon_min": -44, "lon_max": -40, "S-101": "101CA00O800N0440W", "Region": "Lincoln Sea / Mer de Lincoln [Overview 44N/88W]" }, "geometry": { "type": "Polygon", "coordinates": [ [ [ -44.0, 80.0 ], [ -40.0, 80.0 ], [ -40.0, 84.0 ], [ -44.0, 84.0 ], [ -44.0, 80.0 ] ] ] } },
{ "type": "Feature", "properties": { "fid": 335, "S-57": "CA2EJXHA", "lat_min": 80, "lat_max": 84, "lon_min": -40, "lon_max": -36, "S-101": "101CA00O800N0400W", "Region": "Lincoln Sea / Mer de Lincoln [Overview 44N/88W]" }, "geometry": { "type": "Polygon", "coordinates": [ [ [ -40.0, 80.0 ], [ -36.0, 80.0 ], [ -36.0, 84.0 ], [ -40.0, 84.0 ], [ -40.0, 80.0 ] ] ] } },
{ "type": "Feature", "properties": { "fid": 336, "S-57": "CA2EJXJA", "lat_min": 80, "lat_max": 84, "lon_min": -36, "lon_max": -32, "S-101": "101CA00O800N0360W", "Region": "Lincoln Sea / Mer de Lincoln [Overview 44N/88W]" }, "geometry": { "type": "Polygon", "coordinates": [ [ [ -36.0, 80.0 ], [ -32.0, 80.0 ], [ -32.0, 84.0 ], [ -36.0, 84.0 ], [ -36.0, 80.0 ] ] ] } }
]
}
